filename,enemy_visible,pickup_health,pickup_ammo,pickup_armor,explosive_barrel,no_important_object
vizdoom_ml_000000.jpg,0,1,0,0,0,0
vizdoom_ml_000005.jpg,0,1,0,0,0,0
vizdoom_ml_000010.jpg,0,1,1,0,0,0
vizdoom_ml_000020.jpg,0,0,0,0,0,1
vizdoom_ml_000025.jpg,0,0,0,0,0,1
vizdoom_ml_000040.jpg,0,0,0,0,0,1
vizdoom_ml_000050.jpg,0,0,0,0,0,1
vizdoom_ml_000060.jpg,0,0,0,1,0,0
vizdoom_ml_000065.jpg,0,0,0,1,0,0
vizdoom_ml_000075.jpg,0,0,0,0,0,1
vizdoom_ml_000090.jpg,0,0,0,0,0,1
vizdoom_ml_000095.jpg,0,0,0,0,0,1
vizdoom_ml_000100.jpg,0,0,1,0,0,0
vizdoom_ml_000105.jpg,0,0,1,0,0,0
vizdoom_ml_000110.jpg,0,0,1,0,0,0
vizdoom_ml_000120.jpg,0,0,0,0,0,1
vizdoom_ml_000150.jpg,0,0,0,0,0,1
vizdoom_ml_000165.jpg,1,0,0,0,0,0
vizdoom_ml_000180.jpg,1,0,0,0,0,0
vizdoom_ml_000195.jpg,0,0,1,0,0,0
vizdoom_ml_000200.jpg,0,0,0,0,0,1
vizdoom_ml_000220.jpg,0,0,0,0,0,1
vizdoom_ml_000230.jpg,0,0,0,0,0,1
vizdoom_ml_000235.jpg,0,0,0,0,0,1
vizdoom_ml_000245.jpg,0,0,0,0,0,1
vizdoom_ml_000260.jpg,0,0,0,0,0,1
vizdoom_ml_000295.jpg,0,0,0,0,0,1
vizdoom_ml_000310.jpg,0,0,0,0,0,1
vizdoom_ml_000315.jpg,0,0,0,0,0,1
vizdoom_ml_000330.jpg,0,0,0,0,0,1
vizdoom_ml_000345.jpg,1,0,0,0,0,0
vizdoom_ml_000365.jpg,0,0,0,0,0,1
vizdoom_ml_000385.jpg,0,0,1,0,0,0
vizdoom_ml_000390.jpg,0,1,0,0,0,0
vizdoom_ml_000395.jpg,0,1,0,0,0,0
vizdoom_ml_000405.jpg,0,1,0,0,0,0
vizdoom_ml_000415.jpg,0,0,0,0,0,1
vizdoom_ml_000465.jpg,0,0,0,0,0,1
vizdoom_ml_000470.jpg,0,0,0,0,0,1
vizdoom_ml_000495.jpg,0,0,0,0,0,1
vizdoom_ml_000515.jpg,0,0,0,1,0,0
vizdoom_ml_000520.jpg,0,0,0,1,0,0
vizdoom_ml_000525.jpg,0,0,1,0,0,0
vizdoom_ml_000530.jpg,0,0,1,0,0,0
vizdoom_ml_000535.jpg,0,0,0,0,0,1
vizdoom_ml_000540.jpg,0,0,0,0,0,1
vizdoom_ml_000545.jpg,0,0,0,0,0,1
vizdoom_ml_000555.jpg,0,0,0,0,0,1
vizdoom_ml_000565.jpg,0,0,0,0,0,1
vizdoom_ml_000575.jpg,0,0,0,0,0,1
vizdoom_ml_000605.jpg,0,0,1,0,0,0
vizdoom_ml_000610.jpg,0,0,0,0,0,1
vizdoom_ml_000625.jpg,0,1,0,0,0,0
vizdoom_ml_000630.jpg,0,1,0,0,0,0
vizdoom_ml_000635.jpg,0,1,1,0,0,0
vizdoom_ml_000645.jpg,0,0,0,0,0,1
vizdoom_ml_000655.jpg,0,0,0,0,0,1
vizdoom_ml_000695.jpg,0,0,0,0,0,1
vizdoom_ml_000700.jpg,0,0,0,0,0,1
vizdoom_ml_000715.jpg,0,1,0,0,0,0
vizdoom_ml_000720.jpg,0,1,0,0,0,0
vizdoom_ml_000730.jpg,0,0,0,0,0,1
vizdoom_ml_000745.jpg,0,0,0,0,0,1
vizdoom_ml_000750.jpg,0,0,0,0,0,1
vizdoom_ml_000760.jpg,0,0,0,0,0,1
vizdoom_ml_000770.jpg,0,0,0,0,0,1
vizdoom_ml_000790.jpg,0,0,0,0,0,1
vizdoom_ml_000805.jpg,0,0,0,0,0,1
vizdoom_ml_000810.jpg,0,0,0,0,0,1
vizdoom_ml_000830.jpg,0,0,0,0,0,1
vizdoom_ml_000855.jpg,0,0,0,0,0,1
vizdoom_ml_000860.jpg,0,0,0,0,0,1
vizdoom_ml_000870.jpg,0,0,1,0,0,0
vizdoom_ml_000875.jpg,0,0,1,0,0,0
vizdoom_ml_000895.jpg,0,0,0,0,0,1
vizdoom_ml_000900.jpg,0,0,0,0,0,1
vizdoom_ml_000910.jpg,0,0,0,0,0,1
vizdoom_ml_000920.jpg,0,0,0,0,0,1
vizdoom_ml_000925.jpg,0,0,0,0,0,1
vizdoom_ml_000930.jpg,0,0,1,0,0,0
vizdoom_ml_000940.jpg,0,0,0,0,0,1
vizdoom_ml_000945.jpg,0,0,0,0,0,1
vizdoom_ml_000950.jpg,0,0,0,0,0,1
vizdoom_ml_000955.jpg,0,0,0,0,0,1
vizdoom_ml_000975.jpg,0,0,0,0,0,1
vizdoom_ml_000985.jpg,0,0,0,0,0,1
vizdoom_ml_000990.jpg,0,0,0,0,0,1
vizdoom_ml_001000.jpg,0,0,0,0,0,1
vizdoom_ml_001015.jpg,0,0,1,0,0,0
vizdoom_ml_001020.jpg,0,0,0,0,0,1
vizdoom_ml_001035.jpg,0,0,0,0,0,1
vizdoom_ml_001045.jpg,0,0,1,0,0,0
vizdoom_ml_001050.jpg,0,0,0,0,0,1
vizdoom_ml_001055.jpg,0,0,0,0,0,1
vizdoom_ml_001070.jpg,0,0,0,0,0,1
vizdoom_ml_001080.jpg,0,0,0,0,0,1
vizdoom_ml_001085.jpg,0,0,0,0,0,1
vizdoom_ml_001100.jpg,0,0,0,0,0,1
vizdoom_ml_001105.jpg,0,0,0,0,0,1
vizdoom_ml_001130.jpg,0,0,0,0,0,1
vizdoom_ml_001135.jpg,0,0,0,0,0,1
vizdoom_ml_001150.jpg,0,0,1,0,0,0
vizdoom_ml_001160.jpg,0,0,0,0,0,1
vizdoom_ml_001185.jpg,0,0,0,0,0,1
vizdoom_ml_001205.jpg,0,0,0,0,0,1
vizdoom_ml_001215.jpg,0,0,1,0,0,0
vizdoom_ml_001220.jpg,0,0,0,0,0,1
vizdoom_ml_001225.jpg,0,0,1,0,0,0
vizdoom_ml_001235.jpg,0,0,0,0,0,1
vizdoom_ml_001240.jpg,0,0,1,0,0,0
vizdoom_ml_001250.jpg,0,0,1,0,0,0
vizdoom_ml_001255.jpg,0,0,0,0,0,1
vizdoom_ml_001265.jpg,0,0,0,0,0,1
vizdoom_ml_001300.jpg,0,0,0,0,0,1
vizdoom_ml_001315.jpg,0,0,0,0,0,1
vizdoom_ml_001320.jpg,0,0,0,0,0,1
vizdoom_ml_001330.jpg,0,0,1,0,0,0
vizdoom_ml_001355.jpg,0,0,1,0,0,0
vizdoom_ml_001360.jpg,0,0,1,0,0,0
vizdoom_ml_001365.jpg,0,0,0,0,0,1
vizdoom_ml_001370.jpg,0,0,0,0,0,1
vizdoom_ml_001380.jpg,0,0,0,0,0,1
vizdoom_ml_001385.jpg,0,0,0,0,0,1
vizdoom_ml_001400.jpg,0,0,0,0,0,1
vizdoom_ml_001405.jpg,0,0,0,0,0,1
vizdoom_ml_001420.jpg,0,0,0,0,0,1
vizdoom_ml_001425.jpg,0,0,0,0,0,1
vizdoom_ml_001435.jpg,0,0,0,0,0,1
vizdoom_ml_001460.jpg,0,0,0,0,0,1
vizdoom_ml_001465.jpg,0,0,0,0,0,1
vizdoom_ml_001475.jpg,0,0,0,0,0,1
vizdoom_ml_001480.jpg,0,0,0,0,0,1
vizdoom_ml_001495.jpg,0,0,1,0,0,0
vizdoom_ml_001505.jpg,0,0,0,0,0,1
vizdoom_ml_001510.jpg,0,0,0,0,0,1
vizdoom_ml_001560.jpg,0,0,0,0,0,1
vizdoom_ml_001580.jpg,0,0,0,0,0,1
vizdoom_ml_001590.jpg,0,0,1,0,0,0
vizdoom_ml_001605.jpg,0,0,1,0,0,0
vizdoom_ml_001610.jpg,0,0,0,0,0,1
vizdoom_ml_001630.jpg,0,0,0,1,0,0
vizdoom_ml_001635.jpg,0,0,0,1,0,0
vizdoom_ml_001640.jpg,0,0,1,1,0,0
vizdoom_ml_001645.jpg,0,0,0,1,0,0
vizdoom_ml_001650.jpg,0,0,0,1,0,0
vizdoom_ml_001655.jpg,0,1,1,0,0,0
vizdoom_ml_001660.jpg,0,1,1,0,0,0
vizdoom_ml_001665.jpg,0,1,0,0,0,0
vizdoom_ml_001670.jpg,0,1,0,0,0,0
vizdoom_ml_001675.jpg,0,1,1,0,0,0
vizdoom_ml_001680.jpg,0,1,0,0,0,0
vizdoom_ml_001685.jpg,0,1,0,0,0,0
vizdoom_ml_001690.jpg,0,1,0,0,0,0
vizdoom_ml_001695.jpg,0,1,0,0,0,0
vizdoom_ml_001705.jpg,0,0,0,0,0,1
vizdoom_ml_001710.jpg,0,0,0,0,0,1
vizdoom_ml_001715.jpg,0,0,1,0,0,0
vizdoom_ml_001725.jpg,0,0,0,0,0,1
vizdoom_ml_001735.jpg,0,0,0,0,0,1
vizdoom_ml_001745.jpg,0,0,0,0,0,1
vizdoom_ml_001760.jpg,0,0,1,0,0,0
vizdoom_ml_001765.jpg,0,0,1,0,0,0
vizdoom_ml_001775.jpg,0,0,0,0,0,1
vizdoom_ml_001780.jpg,0,0,0,0,0,1
vizdoom_ml_001790.jpg,0,0,0,0,0,1
vizdoom_ml_001795.jpg,0,0,0,0,0,1
vizdoom_ml_001845.jpg,0,0,0,0,0,1
vizdoom_ml_001860.jpg,0,0,0,0,0,1
vizdoom_ml_001885.jpg,0,0,0,0,0,1
vizdoom_ml_001905.jpg,0,0,0,0,0,1
vizdoom_ml_001915.jpg,0,0,0,0,0,1
vizdoom_ml_001935.jpg,0,0,0,0,0,1
vizdoom_ml_001940.jpg,0,1,0,0,0,0
vizdoom_ml_001945.jpg,0,0,0,0,0,1
vizdoom_ml_001950.jpg,0,1,0,0,0,0
vizdoom_ml_001955.jpg,0,1,0,0,0,0
vizdoom_ml_001970.jpg,0,0,1,0,0,0
vizdoom_ml_001990.jpg,0,1,0,0,0,0
vizdoom_ml_001995.jpg,0,1,0,0,0,0
vizdoom_ml_002000.jpg,0,1,0,0,0,0
vizdoom_ml_002005.jpg,0,1,0,0,0,0
vizdoom_ml_002010.jpg,0,1,0,0,0,0
vizdoom_ml_002015.jpg,0,0,0,0,0,1
vizdoom_ml_002020.jpg,0,1,0,0,0,0
vizdoom_ml_002025.jpg,0,1,0,0,0,0
vizdoom_ml_002030.jpg,0,1,0,0,0,0
vizdoom_ml_002035.jpg,0,1,0,0,0,0
vizdoom_ml_002040.jpg,0,1,0,0,0,0
vizdoom_ml_002045.jpg,0,1,0,0,0,0
vizdoom_ml_002050.jpg,0,1,0,0,0,0
vizdoom_ml_002055.jpg,0,1,0,0,0,0
vizdoom_ml_002060.jpg,0,1,0,0,0,0
vizdoom_ml_002065.jpg,0,1,0,0,0,0
vizdoom_ml_002070.jpg,0,1,1,0,0,0
vizdoom_ml_002075.jpg,0,1,1,0,0,0
vizdoom_ml_002080.jpg,0,1,0,0,0,0
vizdoom_ml_002085.jpg,0,1,0,0,0,0
vizdoom_ml_002090.jpg,0,1,0,0,0,0
vizdoom_ml_002095.jpg,0,1,0,0,0,0
vizdoom_ml_002100.jpg,0,1,0,0,0,0
vizdoom_ml_002105.jpg,0,1,0,0,0,0
vizdoom_ml_002110.jpg,0,1,0,0,0,0
vizdoom_ml_002115.jpg,0,1,0,0,0,0
vizdoom_ml_002120.jpg,0,1,0,0,0,0
vizdoom_ml_002130.jpg,0,1,0,0,0,0
vizdoom_ml_002135.jpg,0,1,0,0,0,0
vizdoom_ml_002140.jpg,0,1,0,0,0,0
vizdoom_ml_002145.jpg,0,1,0,0,0,0
vizdoom_ml_002150.jpg,0,1,0,0,0,0
vizdoom_ml_002155.jpg,0,1,0,0,0,0
vizdoom_ml_002165.jpg,0,1,0,0,0,0
vizdoom_ml_002170.jpg,0,1,0,0,0,0
vizdoom_ml_002175.jpg,0,1,0,0,0,0
vizdoom_ml_002195.jpg,0,0,0,0,0,1
vizdoom_ml_002210.jpg,0,0,0,0,0,1
vizdoom_ml_002235.jpg,0,0,0,0,0,1
vizdoom_ml_002245.jpg,0,0,0,0,0,1
vizdoom_ml_002265.jpg,0,0,0,0,0,1
vizdoom_ml_002275.jpg,0,0,0,0,0,1
vizdoom_ml_002285.jpg,0,0,0,0,0,1
vizdoom_ml_002300.jpg,0,0,0,0,0,1
vizdoom_ml_002305.jpg,0,0,0,0,0,1
vizdoom_ml_002310.jpg,0,0,0,0,0,1
vizdoom_ml_002315.jpg,0,0,0,0,0,1
vizdoom_ml_002335.jpg,0,0,0,0,0,1
vizdoom_ml_002370.jpg,0,0,0,0,0,1
vizdoom_ml_002380.jpg,0,0,0,0,0,1
vizdoom_ml_002390.jpg,0,0,0,0,0,1
vizdoom_ml_002425.jpg,0,0,0,0,0,1
vizdoom_ml_002430.jpg,0,0,0,0,0,1
vizdoom_ml_002435.jpg,0,0,0,0,0,1
vizdoom_ml_002440.jpg,0,0,0,0,0,1
vizdoom_ml_002475.jpg,0,0,0,0,0,1
vizdoom_ml_002480.jpg,0,0,0,0,0,1
vizdoom_ml_002485.jpg,0,0,0,0,0,1
vizdoom_ml_002500.jpg,0,0,0,0,0,1
vizdoom_ml_002510.jpg,0,0,0,0,0,1
vizdoom_ml_002535.jpg,0,0,1,0,0,0
vizdoom_ml_002540.jpg,0,0,0,0,0,1
vizdoom_ml_002545.jpg,0,0,1,0,0,0
vizdoom_ml_002555.jpg,0,0,0,0,0,1
vizdoom_ml_002570.jpg,0,0,0,0,0,1
vizdoom_ml_002605.jpg,0,0,0,0,0,1
vizdoom_ml_002620.jpg,0,0,0,0,0,1
vizdoom_ml_002645.jpg,0,0,0,0,0,1
vizdoom_ml_002650.jpg,0,0,0,0,0,1
vizdoom_ml_002655.jpg,0,0,0,0,0,1
vizdoom_ml_002665.jpg,0,0,0,0,0,1
vizdoom_ml_002680.jpg,0,0,1,0,0,0
vizdoom_ml_002685.jpg,0,1,0,0,0,0
vizdoom_ml_002690.jpg,0,1,0,0,0,0
vizdoom_ml_002695.jpg,0,1,0,0,0,0
vizdoom_ml_002700.jpg,0,1,0,0,0,0
vizdoom_ml_002705.jpg,0,1,0,0,0,0
vizdoom_ml_002710.jpg,0,1,0,0,0,0
vizdoom_ml_002715.jpg,0,1,0,0,0,0
vizdoom_ml_002720.jpg,0,1,0,0,0,0
vizdoom_ml_002725.jpg,0,1,0,0,0,0
vizdoom_ml_002730.jpg,0,1,0,0,0,0
vizdoom_ml_002735.jpg,0,1,0,0,0,0
vizdoom_ml_002740.jpg,0,1,0,0,0,0
vizdoom_ml_002745.jpg,0,1,0,0,0,0
vizdoom_ml_002750.jpg,0,1,0,0,0,0
vizdoom_ml_002755.jpg,0,1,0,0,0,0
vizdoom_ml_002760.jpg,1,1,0,0,0,0
vizdoom_ml_002765.jpg,0,1,0,0,0,0
vizdoom_ml_002770.jpg,0,1,0,0,0,0
vizdoom_ml_002775.jpg,0,1,1,0,0,0
vizdoom_ml_002780.jpg,0,1,0,0,0,0
vizdoom_ml_002800.jpg,1,1,0,0,0,0
vizdoom_ml_002805.jpg,1,1,0,0,0,0
vizdoom_ml_002810.jpg,1,1,0,0,0,0
vizdoom_ml_002815.jpg,1,1,0,0,0,0
vizdoom_ml_002820.jpg,1,1,0,0,0,0
vizdoom_ml_002825.jpg,1,1,0,0,0,0
vizdoom_ml_002830.jpg,1,1,0,0,0,0
vizdoom_ml_002835.jpg,1,1,0,0,0,0
vizdoom_ml_002840.jpg,1,1,0,0,0,0
vizdoom_ml_002845.jpg,1,1,0,0,0,0
vizdoom_ml_002860.jpg,1,0,0,0,0,0
vizdoom_ml_002870.jpg,0,1,0,0,0,0
vizdoom_ml_002875.jpg,0,1,0,0,0,0
vizdoom_ml_002880.jpg,0,1,0,0,0,0
vizdoom_ml_002885.jpg,0,0,1,0,0,0
vizdoom_ml_002890.jpg,0,0,0,0,0,1
vizdoom_ml_002895.jpg,1,1,0,0,0,0
vizdoom_ml_002905.jpg,0,0,1,0,0,0
vizdoom_ml_002910.jpg,0,0,0,0,0,1
vizdoom_ml_002925.jpg,1,1,0,0,0,0
vizdoom_ml_002930.jpg,0,0,1,0,0,0
vizdoom_ml_002945.jpg,0,0,1,0,0,0
vizdoom_ml_002950.jpg,0,0,0,0,0,1
vizdoom_ml_002980.jpg,0,0,0,0,0,1
vizdoom_ml_003005.jpg,0,0,0,0,0,1
vizdoom_ml_003015.jpg,0,0,0,0,0,1
vizdoom_ml_003020.jpg,0,0,1,0,0,0
vizdoom_ml_003040.jpg,0,0,1,0,0,0
vizdoom_ml_003065.jpg,0,0,1,0,0,0
vizdoom_ml_003070.jpg,0,0,0,0,0,1
vizdoom_ml_003080.jpg,0,0,0,0,0,1
vizdoom_ml_003085.jpg,0,0,0,0,0,1
vizdoom_ml_003090.jpg,0,0,0,0,0,1
vizdoom_ml_003095.jpg,0,0,0,0,0,1
vizdoom_ml_003100.jpg,0,0,0,0,0,1
vizdoom_ml_003120.jpg,0,0,0,0,0,1
vizdoom_ml_003125.jpg,0,0,0,0,0,1
vizdoom_ml_003130.jpg,0,0,0,0,0,1
vizdoom_ml_003150.jpg,0,0,0,0,0,1
vizdoom_ml_003155.jpg,0,0,0,0,0,1
vizdoom_ml_003160.jpg,0,0,0,0,0,1
vizdoom_ml_003195.jpg,0,0,0,0,0,1
vizdoom_ml_003215.jpg,0,0,0,0,0,1
vizdoom_ml_003220.jpg,0,0,0,0,0,1
vizdoom_ml_003225.jpg,0,0,0,0,0,1
vizdoom_ml_003240.jpg,0,0,0,0,0,1
vizdoom_ml_003260.jpg,0,0,0,0,0,1
vizdoom_ml_003280.jpg,0,0,0,0,0,1
vizdoom_ml_003285.jpg,0,0,0,0,0,1
vizdoom_ml_003300.jpg,0,0,0,0,0,1
vizdoom_ml_003305.jpg,0,0,0,0,0,1
vizdoom_ml_003310.jpg,0,0,0,0,0,1
vizdoom_ml_003315.jpg,0,0,0,0,0,1
vizdoom_ml_003335.jpg,0,0,1,0,0,0
vizdoom_ml_003340.jpg,0,0,1,0,0,0
vizdoom_ml_003345.jpg,0,0,1,0,0,0
vizdoom_ml_003350.jpg,0,0,0,0,0,1
vizdoom_ml_003355.jpg,0,0,1,0,0,0
vizdoom_ml_003375.jpg,0,0,1,0,0,0
vizdoom_ml_003390.jpg,0,0,0,0,0,1
vizdoom_ml_003415.jpg,0,0,0,0,0,1
vizdoom_ml_003425.jpg,0,0,0,0,0,1
vizdoom_ml_003470.jpg,0,0,0,0,0,1
vizdoom_ml_003495.jpg,0,0,0,0,0,1
vizdoom_ml_003505.jpg,0,0,1,0,0,0
vizdoom_ml_003515.jpg,0,0,0,0,0,1
vizdoom_ml_003520.jpg,0,0,0,0,0,1
vizdoom_ml_003530.jpg,0,0,0,0,0,1
vizdoom_ml_003535.jpg,0,0,1,0,0,0
vizdoom_ml_003540.jpg,0,0,0,0,0,1
vizdoom_ml_003555.jpg,0,0,0,0,0,1
vizdoom_ml_003560.jpg,0,0,1,0,0,0
vizdoom_ml_003565.jpg,0,0,0,0,0,1
vizdoom_ml_003575.jpg,0,0,0,0,0,1
vizdoom_ml_003610.jpg,0,0,0,0,0,1
vizdoom_ml_003615.jpg,0,0,1,0,0,0
vizdoom_ml_003625.jpg,0,0,0,0,0,1
vizdoom_ml_003635.jpg,0,0,1,0,0,0
vizdoom_ml_003640.jpg,0,0,1,0,0,0
vizdoom_ml_003645.jpg,0,0,0,0,0,1
vizdoom_ml_003650.jpg,0,0,0,0,0,1
vizdoom_ml_003655.jpg,0,0,0,0,0,1
vizdoom_ml_003660.jpg,0,0,0,0,0,1
vizdoom_ml_003670.jpg,0,0,0,0,0,1
vizdoom_ml_003675.jpg,0,1,0,0,0,0
vizdoom_ml_003680.jpg,0,1,0,0,0,0
vizdoom_ml_003685.jpg,0,1,0,0,0,0
vizdoom_ml_003690.jpg,0,1,0,0,0,0
vizdoom_ml_003695.jpg,0,1,1,0,0,0
vizdoom_ml_003700.jpg,0,1,0,0,0,0
vizdoom_ml_003705.jpg,0,1,0,0,0,0
vizdoom_ml_003710.jpg,0,1,0,0,0,0
vizdoom_ml_003715.jpg,0,1,0,0,0,0
vizdoom_ml_003720.jpg,0,1,0,0,0,0
vizdoom_ml_003725.jpg,0,1,0,0,0,0
vizdoom_ml_003730.jpg,0,1,0,0,0,0
vizdoom_ml_003745.jpg,0,1,0,0,0,0
vizdoom_ml_003755.jpg,0,0,1,0,0,0
vizdoom_ml_003760.jpg,0,0,0,0,0,1
vizdoom_ml_003770.jpg,0,0,0,0,0,1
vizdoom_ml_003785.jpg,0,0,0,0,0,1
vizdoom_ml_003790.jpg,0,0,1,0,0,0
vizdoom_ml_003795.jpg,0,0,0,0,0,1
vizdoom_ml_003810.jpg,0,1,0,0,0,0
vizdoom_ml_003815.jpg,0,0,0,0,0,1
vizdoom_ml_003820.jpg,0,0,1,0,0,0
vizdoom_ml_003825.jpg,0,0,1,0,0,0
vizdoom_ml_003830.jpg,0,0,1,0,0,0
vizdoom_ml_003835.jpg,0,0,0,0,0,1
vizdoom_ml_003850.jpg,0,0,1,0,0,0
vizdoom_ml_003895.jpg,0,0,0,0,0,1
vizdoom_ml_003900.jpg,0,0,0,0,0,1
vizdoom_ml_003905.jpg,0,0,0,0,0,1
vizdoom_ml_003915.jpg,0,0,0,0,0,1
vizdoom_ml_003920.jpg,0,0,0,0,0,1
vizdoom_ml_003925.jpg,0,0,0,0,0,1
vizdoom_ml_003930.jpg,0,0,0,1,0,0
vizdoom_ml_003935.jpg,0,0,0,1,0,0
vizdoom_ml_003940.jpg,0,0,0,0,0,1
vizdoom_ml_003945.jpg,0,0,0,0,0,1
vizdoom_ml_003950.jpg,0,0,0,1,0,0
vizdoom_ml_003955.jpg,0,0,0,1,0,0
vizdoom_ml_003960.jpg,0,0,0,1,0,0
vizdoom_ml_003970.jpg,0,0,0,0,0,1
vizdoom_ml_003975.jpg,0,0,0,0,0,1
vizdoom_ml_003980.jpg,0,0,0,0,0,1
vizdoom_ml_003990.jpg,0,0,0,0,0,1
vizdoom_ml_004000.jpg,0,0,0,0,0,1
vizdoom_ml_004005.jpg,0,0,0,1,0,0
vizdoom_ml_004010.jpg,0,0,1,1,0,0
vizdoom_ml_004035.jpg,0,0,0,0,0,1
vizdoom_ml_004045.jpg,0,0,0,0,0,1
vizdoom_ml_004050.jpg,0,0,0,0,0,1
vizdoom_ml_004070.jpg,0,0,0,0,0,1
vizdoom_ml_004075.jpg,0,0,0,0,0,1
vizdoom_ml_004080.jpg,0,0,0,0,0,1
vizdoom_ml_004095.jpg,0,0,0,0,0,1
vizdoom_ml_004100.jpg,0,0,0,0,0,1
vizdoom_ml_004110.jpg,0,0,0,0,0,1
vizdoom_ml_004120.jpg,0,0,0,0,0,1
vizdoom_ml_004135.jpg,0,0,0,0,0,1
vizdoom_ml_004140.jpg,0,0,0,0,0,1
vizdoom_ml_004150.jpg,0,0,0,0,0,1
vizdoom_ml_004155.jpg,0,0,0,0,0,1
vizdoom_ml_004160.jpg,0,0,1,0,0,0
vizdoom_ml_004175.jpg,0,0,0,0,0,1
vizdoom_ml_004180.jpg,0,0,0,0,0,1
vizdoom_ml_004185.jpg,0,0,0,0,0,1
vizdoom_ml_004195.jpg,0,0,0,0,0,1
vizdoom_ml_004205.jpg,0,0,0,0,0,1
vizdoom_ml_004210.jpg,0,0,0,0,0,1
vizdoom_ml_004215.jpg,0,0,0,0,0,1
vizdoom_ml_004230.jpg,0,0,0,0,0,1
vizdoom_ml_004235.jpg,0,0,1,0,0,0
vizdoom_ml_004280.jpg,0,0,0,0,0,1
vizdoom_ml_004295.jpg,0,0,0,0,0,1
vizdoom_ml_004305.jpg,0,0,1,0,0,0
vizdoom_ml_004310.jpg,0,0,0,0,0,1
vizdoom_ml_004315.jpg,0,0,0,0,0,1
vizdoom_ml_004320.jpg,0,0,1,0,0,0
vizdoom_ml_004330.jpg,0,0,1,0,0,0
vizdoom_ml_004340.jpg,0,0,0,0,0,1
vizdoom_ml_004350.jpg,0,0,0,0,0,1
vizdoom_ml_004370.jpg,0,0,0,0,0,1
vizdoom_ml_004380.jpg,0,0,0,0,0,1
vizdoom_ml_004395.jpg,0,0,0,0,0,1
vizdoom_ml_004410.jpg,0,0,0,0,0,1
vizdoom_ml_004425.jpg,0,0,0,0,0,1
vizdoom_ml_004450.jpg,0,0,0,0,0,1
vizdoom_ml_004455.jpg,0,0,0,0,0,1
vizdoom_ml_004460.jpg,0,0,0,0,0,1
vizdoom_ml_004470.jpg,0,0,0,0,0,1
vizdoom_ml_004475.jpg,0,1,0,0,0,0
vizdoom_ml_004485.jpg,0,1,0,0,0,0
vizdoom_ml_004490.jpg,0,1,0,0,0,0
vizdoom_ml_004495.jpg,0,1,0,1,0,0
vizdoom_ml_004500.jpg,0,1,0,0,0,0
vizdoom_ml_004505.jpg,0,1,0,0,0,0
vizdoom_ml_004510.jpg,0,1,0,0,0,0
vizdoom_ml_004515.jpg,0,1,0,0,0,0
vizdoom_ml_004520.jpg,0,1,0,0,0,0
vizdoom_ml_004525.jpg,0,1,0,0,0,0
vizdoom_ml_004530.jpg,0,1,0,0,0,0
vizdoom_ml_004535.jpg,0,1,0,0,0,0
vizdoom_ml_004540.jpg,0,1,0,0,0,0
vizdoom_ml_004545.jpg,0,1,0,0,0,0
vizdoom_ml_004590.jpg,0,0,0,0,0,1
vizdoom_ml_004630.jpg,0,0,0,0,0,1
vizdoom_ml_004640.jpg,0,0,0,0,0,1
vizdoom_ml_004650.jpg,0,0,0,0,0,1
vizdoom_ml_004655.jpg,0,0,0,0,0,1
vizdoom_ml_004670.jpg,0,0,0,0,0,1
vizdoom_ml_004685.jpg,0,0,0,0,0,1
vizdoom_ml_004700.jpg,0,0,0,0,0,1
vizdoom_ml_004710.jpg,0,0,0,0,0,1
vizdoom_ml_004720.jpg,0,0,0,0,0,1
vizdoom_ml_004730.jpg,0,0,1,0,0,0
vizdoom_ml_004740.jpg,0,0,0,0,0,1
vizdoom_ml_004745.jpg,0,1,0,0,0,0
vizdoom_ml_004750.jpg,0,1,0,0,0,0
vizdoom_ml_004755.jpg,0,1,0,0,0,0
vizdoom_ml_004760.jpg,0,1,0,0,0,0
vizdoom_ml_004765.jpg,0,1,0,0,0,0
vizdoom_ml_004770.jpg,0,1,0,0,0,0
vizdoom_ml_004775.jpg,0,1,0,0,0,0
vizdoom_ml_004780.jpg,0,1,0,0,0,0
vizdoom_ml_004785.jpg,0,1,0,0,0,0
vizdoom_ml_004790.jpg,0,1,0,0,0,0
vizdoom_ml_004795.jpg,0,1,0,0,0,0
vizdoom_ml_004800.jpg,0,1,0,0,0,0
vizdoom_ml_004805.jpg,0,1,0,0,0,0
vizdoom_ml_004830.jpg,0,1,1,0,0,0
vizdoom_ml_004835.jpg,0,1,0,0,0,0
vizdoom_ml_004840.jpg,0,1,0,0,0,0
vizdoom_ml_004845.jpg,0,1,0,0,0,0
vizdoom_ml_004850.jpg,0,1,0,0,0,0
vizdoom_ml_004855.jpg,0,0,0,0,0,1
vizdoom_ml_004870.jpg,0,0,0,0,0,1
vizdoom_ml_004875.jpg,0,0,0,0,0,1
vizdoom_ml_004895.jpg,0,0,0,0,0,1
vizdoom_ml_004920.jpg,0,0,0,0,0,1
vizdoom_ml_004965.jpg,0,1,0,0,0,0
vizdoom_ml_004970.jpg,0,0,0,0,0,1
vizdoom_ml_004975.jpg,0,0,0,0,0,1
vizdoom_ml_004980.jpg,0,1,0,0,0,0
vizdoom_ml_004985.jpg,0,1,0,0,0,0
vizdoom_ml_004995.jpg,0,0,0,0,0,1
vizdoom_ml_005020.jpg,0,0,0,0,0,1
vizdoom_ml_005030.jpg,0,0,0,0,0,1
vizdoom_ml_005050.jpg,0,0,0,0,0,1
vizdoom_ml_005055.jpg,0,0,0,0,0,1
vizdoom_ml_005075.jpg,0,1,0,0,0,0
vizdoom_ml_005080.jpg,0,1,0,0,0,0
vizdoom_ml_005090.jpg,0,0,0,0,0,1
vizdoom_ml_005095.jpg,0,0,0,0,0,1
vizdoom_ml_005100.jpg,0,0,0,0,0,1
vizdoom_ml_005115.jpg,0,0,0,0,0,1
vizdoom_ml_005150.jpg,0,1,0,0,0,0
vizdoom_ml_005155.jpg,0,0,0,0,0,1
vizdoom_ml_005165.jpg,0,1,0,0,0,0
vizdoom_ml_005170.jpg,0,0,0,0,0,1
vizdoom_ml_005175.jpg,0,0,0,0,0,1
vizdoom_ml_005185.jpg,0,0,0,0,0,1
vizdoom_ml_005200.jpg,0,0,0,0,0,1
vizdoom_ml_005240.jpg,0,0,0,0,0,1
vizdoom_ml_005260.jpg,0,0,0,0,0,1
vizdoom_ml_005290.jpg,0,0,0,0,0,1
vizdoom_ml_005295.jpg,0,0,0,0,0,1
vizdoom_ml_005310.jpg,0,0,0,0,0,1
vizdoom_ml_005325.jpg,0,0,0,0,0,1
vizdoom_ml_005345.jpg,0,0,0,0,0,1
vizdoom_ml_005350.jpg,0,0,0,0,0,1
vizdoom_ml_005375.jpg,0,0,0,0,0,1
vizdoom_ml_005395.jpg,0,0,0,0,0,1
vizdoom_ml_005430.jpg,0,0,0,0,0,1
vizdoom_ml_005450.jpg,0,0,0,0,0,1
vizdoom_ml_005460.jpg,0,0,0,0,0,1
vizdoom_ml_005465.jpg,0,0,0,0,0,1
vizdoom_ml_005500.jpg,0,0,0,0,0,1
vizdoom_ml_005515.jpg,0,0,0,0,0,1
vizdoom_ml_005520.jpg,0,0,1,0,0,0
vizdoom_ml_005530.jpg,0,0,1,0,0,0
vizdoom_ml_005535.jpg,0,0,0,0,0,1
vizdoom_ml_005540.jpg,0,0,0,0,0,1
vizdoom_ml_005560.jpg,0,0,0,0,0,1
vizdoom_ml_005565.jpg,0,0,0,0,0,1
vizdoom_ml_005570.jpg,0,0,0,0,0,1
vizdoom_ml_005595.jpg,0,0,0,0,0,1
vizdoom_ml_005605.jpg,0,0,0,0,0,1
vizdoom_ml_005610.jpg,0,0,1,0,0,0
vizdoom_ml_005620.jpg,0,1,0,0,0,0
vizdoom_ml_005625.jpg,0,0,0,0,0,1
vizdoom_ml_005630.jpg,0,0,0,0,0,1
vizdoom_ml_005645.jpg,0,0,0,0,0,1
vizdoom_ml_005650.jpg,0,0,0,0,0,1
vizdoom_ml_005660.jpg,0,0,0,0,0,1
vizdoom_ml_005665.jpg,0,0,0,0,0,1
vizdoom_ml_005675.jpg,0,0,0,0,0,1
vizdoom_ml_005680.jpg,0,0,0,0,0,1
vizdoom_ml_005720.jpg,0,0,0,0,0,1
vizdoom_ml_005755.jpg,0,0,0,0,0,1
vizdoom_ml_005760.jpg,0,0,1,0,0,0
vizdoom_ml_005820.jpg,0,0,1,0,0,0
vizdoom_ml_005825.jpg,0,0,1,0,0,0
vizdoom_ml_005830.jpg,0,0,0,0,0,1
vizdoom_ml_005850.jpg,0,0,0,0,0,1
vizdoom_ml_005855.jpg,0,0,0,0,0,1
vizdoom_ml_005860.jpg,0,0,0,0,0,1
vizdoom_ml_005865.jpg,0,0,0,0,0,1
vizdoom_ml_005905.jpg,0,0,0,0,0,1
vizdoom_ml_005920.jpg,0,0,0,0,0,1
vizdoom_ml_005935.jpg,0,0,0,0,0,1
vizdoom_ml_005940.jpg,0,0,0,0,0,1
vizdoom_ml_005945.jpg,0,0,0,0,0,1
vizdoom_ml_005965.jpg,0,0,0,0,0,1
vizdoom_ml_005985.jpg,0,0,0,0,0,1
vizdoom_ml_005995.jpg,0,0,0,0,0,1
vizdoom_ml_006010.jpg,0,0,1,0,0,0
vizdoom_ml_006015.jpg,0,0,0,0,0,1
vizdoom_ml_006025.jpg,0,0,1,0,0,0
vizdoom_ml_006045.jpg,0,0,1,0,0,0
vizdoom_ml_006055.jpg,0,0,0,0,0,1
vizdoom_ml_006060.jpg,0,0,0,0,0,1
vizdoom_ml_006070.jpg,0,0,0,0,0,1
vizdoom_ml_006090.jpg,0,0,0,0,0,1
vizdoom_ml_006095.jpg,0,0,0,0,0,1
vizdoom_ml_006125.jpg,0,0,0,0,0,1
vizdoom_ml_006130.jpg,0,0,0,0,0,1
vizdoom_ml_006140.jpg,0,0,0,0,0,1
vizdoom_ml_006150.jpg,0,0,0,0,0,1
vizdoom_ml_006170.jpg,0,0,0,0,0,1
vizdoom_ml_006180.jpg,0,0,1,0,0,0
vizdoom_ml_006190.jpg,0,0,0,0,0,1
vizdoom_ml_006220.jpg,0,0,0,0,0,1
vizdoom_ml_006225.jpg,0,0,0,0,0,1
vizdoom_ml_006255.jpg,0,0,0,0,0,1
vizdoom_ml_006270.jpg,0,0,0,0,0,1
vizdoom_ml_006290.jpg,0,0,0,0,0,1
vizdoom_ml_006305.jpg,0,0,0,0,0,1
vizdoom_ml_006310.jpg,0,0,0,0,0,1
vizdoom_ml_006325.jpg,0,0,1,0,0,0
vizdoom_ml_006350.jpg,0,0,0,0,0,1
vizdoom_ml_006355.jpg,0,0,0,0,0,1
vizdoom_ml_006365.jpg,0,0,0,0,0,1
vizdoom_ml_006385.jpg,0,0,0,0,0,1
vizdoom_ml_006390.jpg,0,0,0,0,0,1
vizdoom_ml_006415.jpg,0,0,0,0,0,1
vizdoom_ml_006430.jpg,0,0,0,0,0,1
vizdoom_ml_006450.jpg,0,0,0,0,0,1
vizdoom_ml_006460.jpg,0,0,0,0,0,1
vizdoom_ml_006465.jpg,0,0,0,0,0,1
vizdoom_ml_006475.jpg,0,0,0,0,0,1
vizdoom_ml_006480.jpg,0,0,0,0,0,1
vizdoom_ml_006505.jpg,0,0,0,0,0,1
vizdoom_ml_006515.jpg,0,0,0,0,0,1
vizdoom_ml_006520.jpg,0,0,0,0,0,1
vizdoom_ml_006560.jpg,0,0,0,0,0,1
vizdoom_ml_006565.jpg,0,0,0,0,0,1
vizdoom_ml_006570.jpg,0,0,0,0,0,1
vizdoom_ml_006595.jpg,0,0,0,0,0,1
vizdoom_ml_006615.jpg,0,0,0,0,0,1
vizdoom_ml_006625.jpg,0,0,0,0,0,1
vizdoom_ml_006630.jpg,0,0,1,0,0,0
vizdoom_ml_006635.jpg,0,0,0,0,0,1
vizdoom_ml_006640.jpg,0,0,0,0,0,1
vizdoom_ml_006660.jpg,0,0,0,0,0,1
vizdoom_ml_006670.jpg,0,0,0,0,0,1
vizdoom_ml_006680.jpg,0,0,0,0,0,1
vizdoom_ml_006685.jpg,0,0,0,0,0,1
vizdoom_ml_006690.jpg,0,0,0,0,0,1
vizdoom_ml_006695.jpg,0,0,0,0,0,1
vizdoom_ml_006700.jpg,0,0,0,0,0,1
vizdoom_ml_006720.jpg,0,0,0,0,0,1
vizdoom_ml_006730.jpg,0,0,0,0,0,1
vizdoom_ml_006740.jpg,0,0,0,0,0,1
vizdoom_ml_006765.jpg,0,0,0,0,0,1
vizdoom_ml_006775.jpg,0,0,0,0,0,1
vizdoom_ml_006780.jpg,0,0,0,0,0,1
vizdoom_ml_006785.jpg,0,0,0,0,0,1
vizdoom_ml_006835.jpg,0,0,0,0,0,1
vizdoom_ml_006855.jpg,0,0,0,0,0,1
vizdoom_ml_006860.jpg,0,0,0,0,0,1
vizdoom_ml_006880.jpg,0,0,0,0,0,1
vizdoom_ml_006900.jpg,0,0,0,0,0,1
vizdoom_ml_006925.jpg,0,0,0,0,0,1
vizdoom_ml_006945.jpg,0,0,1,0,0,0
vizdoom_ml_006955.jpg,0,1,0,0,0,0
vizdoom_ml_006965.jpg,0,1,0,0,0,0
vizdoom_ml_006970.jpg,0,0,0,0,0,1
vizdoom_ml_006975.jpg,0,1,0,0,0,0
vizdoom_ml_006990.jpg,0,0,0,0,0,1
vizdoom_ml_007000.jpg,0,0,0,0,0,1
vizdoom_ml_007005.jpg,0,1,0,0,0,0
vizdoom_ml_007010.jpg,0,1,0,0,0,0
vizdoom_ml_007015.jpg,0,1,0,0,0,0
vizdoom_ml_007020.jpg,0,1,0,0,0,0
vizdoom_ml_007025.jpg,0,1,0,0,0,0
vizdoom_ml_007030.jpg,0,1,0,0,0,0
vizdoom_ml_007035.jpg,0,1,0,0,0,0
vizdoom_ml_007040.jpg,0,1,0,0,0,0
vizdoom_ml_007045.jpg,0,1,0,0,0,0
vizdoom_ml_007050.jpg,0,1,0,0,0,0
vizdoom_ml_007055.jpg,0,1,0,0,0,0
vizdoom_ml_007060.jpg,0,1,0,0,0,0
vizdoom_ml_007065.jpg,0,1,0,0,0,0
vizdoom_ml_007070.jpg,0,1,0,0,0,0
vizdoom_ml_007075.jpg,0,1,0,0,0,0
vizdoom_ml_007080.jpg,0,1,0,0,0,0
vizdoom_ml_007085.jpg,0,1,0,0,0,0
vizdoom_ml_007090.jpg,0,1,0,0,0,0
vizdoom_ml_007095.jpg,0,1,0,0,0,0
vizdoom_ml_007100.jpg,0,1,0,0,0,0
vizdoom_ml_007105.jpg,0,1,0,0,0,0
vizdoom_ml_007115.jpg,0,1,0,0,0,0
vizdoom_ml_007130.jpg,0,0,1,0,0,0
vizdoom_ml_007135.jpg,0,1,1,0,0,0
vizdoom_ml_007145.jpg,0,0,0,0,0,1
vizdoom_ml_007160.jpg,0,0,0,0,0,1
vizdoom_ml_007165.jpg,0,0,0,0,0,1
vizdoom_ml_007170.jpg,0,0,0,0,0,1
vizdoom_ml_007175.jpg,0,0,0,0,0,1
vizdoom_ml_007200.jpg,0,0,0,0,0,1
vizdoom_ml_007205.jpg,0,0,0,0,0,1
vizdoom_ml_007210.jpg,0,1,0,0,0,0
vizdoom_ml_007215.jpg,0,1,0,0,0,0
vizdoom_ml_007220.jpg,0,1,0,0,0,0
vizdoom_ml_007225.jpg,0,1,0,0,0,0
vizdoom_ml_007230.jpg,0,1,0,0,0,0
vizdoom_ml_007235.jpg,0,1,0,0,0,0
vizdoom_ml_007240.jpg,0,1,0,0,0,0
vizdoom_ml_007245.jpg,0,1,0,0,0,0
vizdoom_ml_007250.jpg,0,1,0,0,0,0
vizdoom_ml_007255.jpg,0,1,0,0,0,0
vizdoom_ml_007260.jpg,0,1,0,0,0,0
vizdoom_ml_007265.jpg,0,1,0,0,0,0
vizdoom_ml_007270.jpg,0,1,0,0,0,0
vizdoom_ml_007275.jpg,0,1,0,0,0,0
vizdoom_ml_007280.jpg,0,1,0,0,0,0
vizdoom_ml_007285.jpg,0,1,0,0,0,0
vizdoom_ml_007290.jpg,0,1,0,0,0,0
vizdoom_ml_007295.jpg,0,0,0,0,0,1
vizdoom_ml_007300.jpg,0,1,0,0,0,0
vizdoom_ml_007305.jpg,0,1,0,0,0,0
vizdoom_ml_007310.jpg,0,1,0,0,0,0
vizdoom_ml_007315.jpg,0,1,0,0,0,0
vizdoom_ml_007320.jpg,0,1,0,0,0,0
vizdoom_ml_007325.jpg,0,1,0,0,0,0
vizdoom_ml_007330.jpg,0,1,0,0,0,0
vizdoom_ml_007335.jpg,0,1,0,0,0,0
vizdoom_ml_007340.jpg,0,1,0,0,0,0
vizdoom_ml_007345.jpg,0,1,0,0,0,0
vizdoom_ml_007350.jpg,0,1,0,0,0,0
vizdoom_ml_007355.jpg,0,1,0,0,0,0
vizdoom_ml_007385.jpg,0,0,0,0,0,1
vizdoom_ml_007415.jpg,0,0,0,0,0,1
vizdoom_ml_007440.jpg,0,0,0,0,0,1
vizdoom_ml_007465.jpg,0,0,0,0,0,1
vizdoom_ml_007470.jpg,0,0,1,0,0,0
vizdoom_ml_007490.jpg,0,0,0,0,0,1
vizdoom_ml_007495.jpg,0,0,0,0,0,1
vizdoom_ml_007505.jpg,0,0,0,0,0,1
vizdoom_ml_007510.jpg,0,0,0,0,0,1
vizdoom_ml_007530.jpg,0,0,0,0,0,1
vizdoom_ml_007540.jpg,0,0,0,0,0,1
vizdoom_ml_007545.jpg,0,0,0,0,0,1
vizdoom_ml_007560.jpg,0,0,0,0,0,1
vizdoom_ml_007565.jpg,0,0,0,0,0,1
vizdoom_ml_007570.jpg,0,0,0,0,0,1
vizdoom_ml_007580.jpg,0,0,0,0,0,1
vizdoom_ml_007585.jpg,0,0,1,0,0,0
vizdoom_ml_007590.jpg,0,0,0,0,0,1
vizdoom_ml_007600.jpg,0,0,0,0,0,1
vizdoom_ml_007620.jpg,0,0,0,0,0,1
vizdoom_ml_007630.jpg,0,0,0,0,0,1
vizdoom_ml_007635.jpg,0,0,0,0,0,1
vizdoom_ml_007640.jpg,0,0,0,0,0,1
vizdoom_ml_007645.jpg,0,0,0,0,0,1
vizdoom_ml_007655.jpg,0,0,0,0,0,1
vizdoom_ml_007660.jpg,0,0,0,0,0,1
vizdoom_ml_007670.jpg,0,0,0,0,0,1
vizdoom_ml_007685.jpg,0,0,0,0,0,1
vizdoom_ml_007690.jpg,0,0,0,0,0,1
vizdoom_ml_007715.jpg,0,0,0,0,0,1
vizdoom_ml_007720.jpg,0,0,0,0,0,1
vizdoom_ml_007735.jpg,0,0,0,0,0,1
vizdoom_ml_007745.jpg,0,0,0,0,0,1
vizdoom_ml_007755.jpg,0,0,0,0,0,1
vizdoom_ml_007770.jpg,0,1,0,0,0,0
vizdoom_ml_007775.jpg,0,1,0,0,0,0
vizdoom_ml_007780.jpg,0,0,0,0,0,1
vizdoom_ml_007790.jpg,0,0,0,0,0,1
vizdoom_ml_007805.jpg,0,0,0,0,0,1
vizdoom_ml_007810.jpg,0,0,0,0,0,1
vizdoom_ml_007815.jpg,0,0,0,0,0,1
vizdoom_ml_007825.jpg,0,0,0,0,0,1
vizdoom_ml_007830.jpg,0,0,0,0,0,1
vizdoom_ml_007855.jpg,0,0,0,0,0,1
vizdoom_ml_007860.jpg,0,0,0,1,0,0
vizdoom_ml_007865.jpg,0,0,0,1,0,0
vizdoom_ml_007870.jpg,0,0,0,1,0,0
vizdoom_ml_007875.jpg,0,0,0,0,0,1
vizdoom_ml_007880.jpg,0,0,0,1,0,0
vizdoom_ml_007885.jpg,0,0,0,1,0,0
vizdoom_ml_007890.jpg,0,0,0,1,0,0
vizdoom_ml_007895.jpg,0,0,0,1,0,0
vizdoom_ml_007900.jpg,0,0,0,1,0,0
vizdoom_ml_007905.jpg,0,0,0,1,0,0
vizdoom_ml_007910.jpg,0,0,0,1,0,0
vizdoom_ml_007915.jpg,0,0,0,1,0,0
vizdoom_ml_007920.jpg,0,0,0,1,0,0
vizdoom_ml_007925.jpg,0,0,0,1,0,0
vizdoom_ml_007930.jpg,0,0,0,1,0,0
vizdoom_ml_007935.jpg,0,0,0,1,0,0
vizdoom_ml_007940.jpg,0,0,0,1,0,0
vizdoom_ml_007945.jpg,0,0,0,1,0,0
vizdoom_ml_007950.jpg,0,0,0,1,0,0
vizdoom_ml_007955.jpg,0,0,0,1,0,0
vizdoom_ml_007960.jpg,0,0,0,1,0,0
vizdoom_ml_007965.jpg,0,0,0,1,0,0
vizdoom_ml_007970.jpg,0,0,0,1,0,0
vizdoom_ml_007975.jpg,0,0,0,1,0,0
vizdoom_ml_007980.jpg,0,0,0,1,0,0
vizdoom_ml_007995.jpg,0,0,0,0,0,1
vizdoom_ml_008010.jpg,0,0,0,0,0,1
vizdoom_ml_008020.jpg,0,0,0,0,0,1
vizdoom_ml_008030.jpg,0,0,0,0,0,1
vizdoom_ml_008040.jpg,0,0,0,0,0,1
vizdoom_ml_008050.jpg,0,0,0,0,0,1
vizdoom_ml_008075.jpg,0,0,0,0,0,1
vizdoom_ml_008090.jpg,0,0,0,0,0,1
vizdoom_ml_008105.jpg,0,0,0,0,0,1
vizdoom_ml_008110.jpg,0,0,1,0,0,0
vizdoom_ml_008120.jpg,0,0,0,0,0,1
vizdoom_ml_008125.jpg,0,0,0,0,0,1
vizdoom_ml_008135.jpg,0,0,0,0,0,1
vizdoom_ml_008140.jpg,0,0,0,0,0,1
vizdoom_ml_008155.jpg,0,0,0,0,0,1
vizdoom_ml_008170.jpg,0,0,0,0,0,1
vizdoom_ml_008175.jpg,0,0,0,0,0,1
vizdoom_ml_008180.jpg,0,0,0,0,0,1
vizdoom_ml_008190.jpg,0,0,0,0,0,1
vizdoom_ml_008215.jpg,0,0,0,0,0,1
vizdoom_ml_008235.jpg,0,0,0,0,0,1
vizdoom_ml_008250.jpg,0,0,0,0,0,1
vizdoom_ml_008255.jpg,0,0,0,0,0,1
vizdoom_ml_008260.jpg,0,0,0,0,0,1
vizdoom_ml_008265.jpg,0,0,0,0,0,1
vizdoom_ml_008300.jpg,0,0,0,0,0,1
vizdoom_ml_008305.jpg,0,0,0,0,0,1
vizdoom_ml_008320.jpg,0,0,0,0,0,1
vizdoom_ml_008350.jpg,0,0,0,0,0,1
vizdoom_ml_008355.jpg,0,0,0,0,0,1
vizdoom_ml_008380.jpg,0,0,0,0,0,1
vizdoom_ml_008385.jpg,0,0,0,0,0,1
vizdoom_ml_008405.jpg,0,0,0,0,0,1
vizdoom_ml_008410.jpg,0,0,0,0,0,1
vizdoom_ml_008425.jpg,0,0,0,0,0,1
vizdoom_ml_008430.jpg,0,0,0,0,0,1
vizdoom_ml_008435.jpg,0,0,0,0,0,1
vizdoom_ml_008470.jpg,0,1,0,0,0,0
vizdoom_ml_008475.jpg,0,1,0,0,0,0
vizdoom_ml_008480.jpg,0,1,0,0,0,0
vizdoom_ml_008485.jpg,0,1,0,0,0,0
vizdoom_ml_008490.jpg,0,1,0,0,0,0
vizdoom_ml_008510.jpg,0,0,0,0,0,1
vizdoom_ml_008515.jpg,0,0,0,0,0,1
vizdoom_ml_008530.jpg,0,0,0,0,0,1
vizdoom_ml_008555.jpg,0,0,0,0,0,1
vizdoom_ml_008565.jpg,0,0,0,0,0,1
vizdoom_ml_008625.jpg,0,0,0,0,0,1
vizdoom_ml_008635.jpg,0,0,0,0,0,1
vizdoom_ml_008640.jpg,0,0,0,0,0,1
vizdoom_ml_008645.jpg,0,0,0,0,0,1
vizdoom_ml_008680.jpg,0,0,0,0,0,1
vizdoom_ml_008690.jpg,0,0,0,0,0,1
vizdoom_ml_008705.jpg,0,0,0,0,0,1
vizdoom_ml_008715.jpg,0,0,0,0,0,1
vizdoom_ml_008740.jpg,0,0,0,0,0,1
vizdoom_ml_008745.jpg,0,0,0,0,0,1
vizdoom_ml_008750.jpg,0,0,0,0,0,1
vizdoom_ml_008755.jpg,0,0,0,0,0,1
vizdoom_ml_008780.jpg,0,0,0,0,0,1
vizdoom_ml_008785.jpg,0,0,0,0,0,1
vizdoom_ml_008790.jpg,0,0,0,0,0,1
vizdoom_ml_008795.jpg,0,0,1,0,0,0
vizdoom_ml_008810.jpg,0,0,0,0,0,1
vizdoom_ml_008835.jpg,0,0,0,0,0,1
vizdoom_ml_008840.jpg,0,0,0,0,0,1
vizdoom_ml_008860.jpg,0,0,0,0,0,1
vizdoom_ml_008865.jpg,0,0,0,0,0,1
vizdoom_ml_008870.jpg,0,0,0,0,0,1
vizdoom_ml_008885.jpg,0,0,0,0,0,1
vizdoom_ml_008890.jpg,0,0,0,0,0,1
vizdoom_ml_008915.jpg,0,0,0,0,0,1
vizdoom_ml_008950.jpg,0,0,0,0,0,1
vizdoom_ml_008955.jpg,0,0,0,0,0,1
vizdoom_ml_008960.jpg,0,0,0,0,0,1
vizdoom_ml_008990.jpg,0,0,1,0,0,0
vizdoom_ml_009005.jpg,0,0,0,0,0,1
vizdoom_ml_009040.jpg,0,0,0,0,0,1
vizdoom_ml_009055.jpg,0,0,0,0,0,1
vizdoom_ml_009075.jpg,0,0,1,0,0,0
vizdoom_ml_009080.jpg,0,0,0,0,0,1
vizdoom_ml_009085.jpg,0,0,0,0,0,1
vizdoom_ml_009090.jpg,0,0,0,0,0,1
vizdoom_ml_009095.jpg,0,0,0,0,0,1
vizdoom_ml_009105.jpg,0,0,0,0,0,1
vizdoom_ml_009115.jpg,0,0,0,0,0,1
vizdoom_ml_009145.jpg,0,0,0,0,0,1
vizdoom_ml_009185.jpg,0,0,0,0,0,1
vizdoom_ml_009195.jpg,0,0,0,0,0,1
vizdoom_ml_009220.jpg,0,0,0,0,0,1
vizdoom_ml_009225.jpg,0,0,0,0,0,1
vizdoom_ml_009230.jpg,0,0,0,0,0,1
vizdoom_ml_009275.jpg,0,0,0,0,0,1
vizdoom_ml_009290.jpg,0,0,0,0,0,1
vizdoom_ml_009295.jpg,0,0,0,0,0,1
vizdoom_ml_009300.jpg,0,0,0,0,0,1
vizdoom_ml_009305.jpg,0,0,0,0,0,1
vizdoom_ml_009335.jpg,0,0,0,0,0,1
vizdoom_ml_009340.jpg,0,0,0,0,0,1
vizdoom_ml_009365.jpg,0,0,0,0,0,1
vizdoom_ml_009370.jpg,0,0,0,0,0,1
vizdoom_ml_009380.jpg,0,0,0,0,0,1
vizdoom_ml_009415.jpg,0,0,0,0,0,1
vizdoom_ml_009435.jpg,0,0,0,0,0,1
vizdoom_ml_009445.jpg,0,0,0,0,0,1
vizdoom_ml_009455.jpg,0,0,0,0,0,1
vizdoom_ml_009465.jpg,0,0,0,0,0,1
vizdoom_ml_009470.jpg,0,0,0,0,0,1
vizdoom_ml_009475.jpg,0,0,0,0,0,1
vizdoom_ml_009495.jpg,0,0,0,0,0,1
vizdoom_ml_009515.jpg,0,0,0,0,0,1
vizdoom_ml_009520.jpg,0,0,0,0,0,1
vizdoom_ml_009530.jpg,0,0,0,0,0,1
vizdoom_ml_009535.jpg,0,0,0,0,0,1
vizdoom_ml_009540.jpg,0,0,0,0,0,1
vizdoom_ml_009560.jpg,0,0,0,0,0,1
vizdoom_ml_009575.jpg,0,0,0,0,0,1
vizdoom_ml_009580.jpg,0,0,0,0,0,1
vizdoom_ml_009585.jpg,0,0,0,0,0,1
vizdoom_ml_009590.jpg,0,0,0,0,0,1
vizdoom_ml_009600.jpg,0,0,0,0,0,1
vizdoom_ml_009605.jpg,0,0,1,0,0,0
vizdoom_ml_009620.jpg,0,0,0,0,0,1
vizdoom_ml_009630.jpg,0,0,0,0,0,1
vizdoom_ml_009640.jpg,0,0,0,0,0,1
vizdoom_ml_009650.jpg,0,0,0,0,0,1
vizdoom_ml_009660.jpg,0,0,1,0,0,0
vizdoom_ml_009675.jpg,0,0,0,0,0,1
vizdoom_ml_009695.jpg,0,0,0,0,0,1
vizdoom_ml_009700.jpg,0,0,0,0,0,1
vizdoom_ml_009720.jpg,0,0,0,0,0,1
vizdoom_ml_009730.jpg,0,0,0,0,0,1
vizdoom_ml_009735.jpg,0,0,0,0,0,1
vizdoom_ml_009745.jpg,0,0,0,0,0,1
vizdoom_ml_009775.jpg,0,0,0,0,0,1
vizdoom_ml_009780.jpg,0,0,0,0,0,1
vizdoom_ml_009785.jpg,0,0,0,0,0,1
vizdoom_ml_009795.jpg,0,0,0,0,0,1
vizdoom_ml_009805.jpg,0,0,0,0,0,1
vizdoom_ml_009820.jpg,0,0,0,0,0,1
vizdoom_ml_009845.jpg,0,0,0,0,0,1
vizdoom_ml_009855.jpg,0,0,0,0,0,1
vizdoom_ml_009870.jpg,0,0,0,0,0,1
vizdoom_ml_009880.jpg,0,0,1,0,0,0
vizdoom_ml_009885.jpg,0,0,0,0,0,1
vizdoom_ml_009930.jpg,0,0,0,0,0,1
vizdoom_ml_009945.jpg,0,0,0,0,0,1
vizdoom_ml_009960.jpg,0,0,1,0,0,0
vizdoom_ml_009975.jpg,0,0,0,0,0,1
vizdoom_ml_009985.jpg,0,0,0,0,0,1
vizdoom_ml_009990.jpg,0,0,0,0,0,1
vizdoom_ml_009995.jpg,0,0,0,0,0,1
vizdoom_ml_010010.jpg,0,0,0,0,0,1
vizdoom_ml_010030.jpg,0,0,0,0,0,1
vizdoom_ml_010055.jpg,0,0,0,0,0,1
vizdoom_ml_010060.jpg,0,0,0,0,0,1
vizdoom_ml_010070.jpg,0,0,0,0,0,1
vizdoom_ml_010075.jpg,0,0,0,0,0,1
vizdoom_ml_010085.jpg,0,0,0,0,0,1
vizdoom_ml_010090.jpg,0,0,0,0,0,1
vizdoom_ml_010095.jpg,0,0,0,0,0,1
vizdoom_ml_010100.jpg,0,0,0,0,0,1
vizdoom_ml_010115.jpg,0,0,0,0,0,1
vizdoom_ml_010140.jpg,0,0,1,0,0,0
vizdoom_ml_010165.jpg,0,0,0,0,0,1
vizdoom_ml_010170.jpg,0,0,0,0,0,1
vizdoom_ml_010180.jpg,0,0,0,0,0,1
vizdoom_ml_010190.jpg,0,0,0,0,0,1
vizdoom_ml_010215.jpg,0,0,0,0,0,1
vizdoom_ml_010240.jpg,0,0,0,0,0,1
vizdoom_ml_010255.jpg,0,0,0,0,0,1
vizdoom_ml_010260.jpg,0,0,0,0,0,1
vizdoom_ml_010280.jpg,0,0,0,0,0,1
vizdoom_ml_010290.jpg,0,0,0,0,0,1
vizdoom_ml_010310.jpg,0,0,0,1,0,0
vizdoom_ml_010315.jpg,0,0,0,0,0,1
vizdoom_ml_010320.jpg,0,0,0,1,0,0
vizdoom_ml_010325.jpg,0,0,0,1,0,0
vizdoom_ml_010330.jpg,0,0,0,1,0,0
vizdoom_ml_010335.jpg,0,0,0,0,0,1
vizdoom_ml_010340.jpg,0,0,0,0,0,1
vizdoom_ml_010355.jpg,0,0,0,0,0,1
vizdoom_ml_010360.jpg,0,0,0,0,0,1
vizdoom_ml_010375.jpg,0,0,0,0,0,1
vizdoom_ml_010380.jpg,0,0,0,0,0,1
vizdoom_ml_010385.jpg,0,0,0,0,0,1
vizdoom_ml_010390.jpg,0,0,0,0,0,1
vizdoom_ml_010395.jpg,0,0,0,0,0,1
vizdoom_ml_010400.jpg,1,0,0,0,0,0
vizdoom_ml_010405.jpg,1,0,0,0,0,0
vizdoom_ml_010410.jpg,1,0,1,0,0,0
vizdoom_ml_010415.jpg,1,0,0,0,0,0
vizdoom_ml_010420.jpg,1,0,0,0,1,0
vizdoom_ml_010425.jpg,1,0,0,0,1,0
vizdoom_ml_010430.jpg,1,1,0,0,1,0
vizdoom_ml_010435.jpg,1,1,0,0,1,0
vizdoom_ml_010440.jpg,1,1,0,0,1,0
vizdoom_ml_010445.jpg,0,1,0,0,0,0
vizdoom_ml_010450.jpg,0,1,0,0,0,0
vizdoom_ml_010455.jpg,0,1,0,0,0,0
vizdoom_ml_010460.jpg,0,1,0,1,0,0
vizdoom_ml_010465.jpg,0,0,0,1,0,0
vizdoom_ml_010470.jpg,0,0,1,0,0,0
vizdoom_ml_010485.jpg,0,0,0,0,0,1
vizdoom_ml_010495.jpg,0,0,0,0,0,1
vizdoom_ml_010500.jpg,0,0,0,0,0,1
vizdoom_ml_010525.jpg,0,0,1,0,0,0
vizdoom_ml_010530.jpg,0,0,0,0,0,1
vizdoom_ml_010540.jpg,0,0,1,0,0,0
vizdoom_ml_010545.jpg,0,0,1,0,0,0
vizdoom_ml_010565.jpg,0,0,0,0,0,1
vizdoom_ml_010575.jpg,0,0,0,1,0,0
vizdoom_ml_010580.jpg,0,0,0,1,0,0
vizdoom_ml_010585.jpg,0,0,0,1,0,0
vizdoom_ml_010590.jpg,0,0,0,0,0,1
vizdoom_ml_010625.jpg,0,0,0,0,0,1
vizdoom_ml_010630.jpg,0,0,1,0,0,0
vizdoom_ml_010635.jpg,0,0,0,0,0,1
vizdoom_ml_010640.jpg,0,0,0,0,0,1
vizdoom_ml_010645.jpg,0,0,0,0,0,1
vizdoom_ml_010650.jpg,0,0,1,0,0,0
vizdoom_ml_010655.jpg,0,0,1,0,0,0
vizdoom_ml_010660.jpg,0,0,1,0,0,0
vizdoom_ml_010675.jpg,0,0,1,0,0,0
vizdoom_ml_010690.jpg,0,0,0,0,0,1
vizdoom_ml_010695.jpg,0,0,0,0,0,1
vizdoom_ml_010700.jpg,0,0,0,0,0,1
vizdoom_ml_010715.jpg,0,0,0,0,0,1
vizdoom_ml_010725.jpg,0,0,0,0,0,1
vizdoom_ml_010730.jpg,0,1,0,0,0,0
vizdoom_ml_010735.jpg,0,1,0,0,0,0
vizdoom_ml_010740.jpg,0,1,0,0,0,0
vizdoom_ml_010745.jpg,0,1,0,0,0,0
vizdoom_ml_010750.jpg,0,0,0,0,0,1
vizdoom_ml_010765.jpg,1,1,0,0,0,0
vizdoom_ml_010770.jpg,1,1,0,0,0,0
vizdoom_ml_010775.jpg,1,1,0,0,0,0
vizdoom_ml_010780.jpg,1,1,1,0,0,0
vizdoom_ml_010785.jpg,1,1,1,0,0,0
vizdoom_ml_010790.jpg,1,1,0,0,0,0
vizdoom_ml_010795.jpg,1,1,0,0,0,0
vizdoom_ml_010800.jpg,1,1,1,0,0,0
vizdoom_ml_010805.jpg,0,1,0,0,0,0
vizdoom_ml_010810.jpg,0,1,0,0,0,0
vizdoom_ml_010815.jpg,0,0,0,0,0,1
vizdoom_ml_010820.jpg,0,0,0,0,0,1
vizdoom_ml_010860.jpg,0,0,0,0,0,1
vizdoom_ml_010865.jpg,0,0,1,0,0,0
vizdoom_ml_010870.jpg,0,0,1,0,0,0
vizdoom_ml_010875.jpg,0,0,0,0,0,1
vizdoom_ml_010880.jpg,0,0,0,0,0,1
vizdoom_ml_010890.jpg,0,0,0,0,0,1
vizdoom_ml_010895.jpg,0,0,1,0,0,0
vizdoom_ml_010900.jpg,0,0,0,0,0,1
vizdoom_ml_010905.jpg,0,0,1,0,0,0
vizdoom_ml_010930.jpg,0,0,1,0,0,0
vizdoom_ml_010960.jpg,0,0,0,0,0,1
vizdoom_ml_010965.jpg,0,0,1,0,0,0
vizdoom_ml_010980.jpg,0,0,1,0,0,0
vizdoom_ml_010985.jpg,0,0,0,0,0,1
vizdoom_ml_010990.jpg,0,1,0,0,0,0
vizdoom_ml_010995.jpg,0,1,0,0,0,0
vizdoom_ml_011000.jpg,0,1,0,0,0,0
vizdoom_ml_011005.jpg,0,1,0,0,0,0
vizdoom_ml_011010.jpg,0,1,0,0,0,0
vizdoom_ml_011015.jpg,0,1,0,0,0,0
vizdoom_ml_011025.jpg,0,1,0,0,0,0
vizdoom_ml_011030.jpg,0,1,0,0,0,0
vizdoom_ml_011040.jpg,0,0,0,0,0,1
vizdoom_ml_011045.jpg,0,0,0,0,0,1
vizdoom_ml_011050.jpg,0,0,0,0,0,1
vizdoom_ml_011055.jpg,0,0,1,0,0,0
vizdoom_ml_011065.jpg,0,0,1,0,0,0
vizdoom_ml_011085.jpg,0,0,0,0,0,1
vizdoom_ml_011095.jpg,0,0,1,0,0,0
vizdoom_ml_011110.jpg,0,0,1,0,0,0
vizdoom_ml_011130.jpg,0,0,0,0,0,1
vizdoom_ml_011145.jpg,0,0,0,0,0,1
vizdoom_ml_011170.jpg,0,0,0,0,0,1
vizdoom_ml_011175.jpg,0,0,0,0,0,1
vizdoom_ml_011210.jpg,0,0,0,0,0,1
vizdoom_ml_011220.jpg,0,0,1,0,0,0
vizdoom_ml_011255.jpg,0,0,0,0,0,1
vizdoom_ml_011265.jpg,0,0,0,0,0,1
vizdoom_ml_011270.jpg,0,0,1,0,0,0
vizdoom_ml_011290.jpg,0,0,0,0,0,1
vizdoom_ml_011295.jpg,0,0,0,0,0,1
vizdoom_ml_011300.jpg,0,0,0,0,0,1
vizdoom_ml_011310.jpg,0,0,0,0,0,1
vizdoom_ml_011365.jpg,0,0,0,0,0,1
vizdoom_ml_011375.jpg,0,0,0,0,0,1
vizdoom_ml_011385.jpg,0,0,0,0,0,1
vizdoom_ml_011390.jpg,0,0,1,0,0,0
vizdoom_ml_011405.jpg,0,0,0,0,0,1
vizdoom_ml_011410.jpg,0,0,1,0,0,0
vizdoom_ml_011425.jpg,0,0,0,0,0,1
vizdoom_ml_011430.jpg,0,0,0,0,0,1
vizdoom_ml_011440.jpg,0,0,0,0,0,1
vizdoom_ml_011475.jpg,0,0,1,0,0,0
vizdoom_ml_011490.jpg,0,0,0,0,0,1
vizdoom_ml_011495.jpg,0,0,0,0,0,1
vizdoom_ml_011505.jpg,0,0,0,0,0,1
vizdoom_ml_011510.jpg,0,0,0,0,0,1
vizdoom_ml_011540.jpg,0,0,0,0,0,1
vizdoom_ml_011560.jpg,0,0,0,0,0,1
vizdoom_ml_011565.jpg,0,0,0,0,0,1
vizdoom_ml_011570.jpg,0,0,0,0,0,1
vizdoom_ml_011575.jpg,0,0,0,0,0,1
vizdoom_ml_011585.jpg,0,0,0,0,0,1
vizdoom_ml_011590.jpg,0,0,0,0,0,1
vizdoom_ml_011600.jpg,0,0,0,0,0,1
vizdoom_ml_011620.jpg,0,0,0,0,0,1
vizdoom_ml_011625.jpg,0,0,0,0,0,1
vizdoom_ml_011630.jpg,0,0,0,0,0,1
vizdoom_ml_011635.jpg,0,0,0,0,0,1
vizdoom_ml_011640.jpg,0,0,0,0,0,1
vizdoom_ml_011645.jpg,0,0,0,0,0,1
vizdoom_ml_011655.jpg,0,0,0,0,0,1
vizdoom_ml_011675.jpg,0,0,1,0,0,0
vizdoom_ml_011700.jpg,0,0,0,0,0,1
vizdoom_ml_011705.jpg,0,0,0,0,0,1
vizdoom_ml_011735.jpg,0,0,0,0,0,1
vizdoom_ml_011750.jpg,0,0,0,0,0,1
vizdoom_ml_011755.jpg,0,0,0,0,0,1
vizdoom_ml_011780.jpg,0,0,0,0,0,1
vizdoom_ml_011795.jpg,0,0,1,0,0,0
vizdoom_ml_011800.jpg,0,0,0,0,0,1
vizdoom_ml_011820.jpg,0,0,0,0,0,1
vizdoom_ml_011825.jpg,0,0,0,0,0,1
vizdoom_ml_011830.jpg,0,0,1,0,0,0
vizdoom_ml_011840.jpg,0,0,0,0,0,1
vizdoom_ml_011845.jpg,0,0,1,0,0,0
vizdoom_ml_011850.jpg,0,0,0,0,0,1
vizdoom_ml_011855.jpg,0,0,0,0,0,1
vizdoom_ml_011865.jpg,0,0,0,0,0,1
vizdoom_ml_011890.jpg,0,0,0,0,0,1
vizdoom_ml_011895.jpg,0,0,1,0,0,0
vizdoom_ml_011900.jpg,0,0,1,0,0,0
vizdoom_ml_011915.jpg,0,0,1,0,0,0
vizdoom_ml_011920.jpg,0,0,0,0,0,1
vizdoom_ml_011925.jpg,0,0,0,0,0,1
vizdoom_ml_011930.jpg,0,0,1,0,0,0
vizdoom_ml_011965.jpg,0,0,0,0,0,1
vizdoom_ml_011980.jpg,0,0,1,0,0,0
vizdoom_ml_011990.jpg,0,0,0,0,0,1
vizdoom_ml_012005.jpg,0,1,0,0,0,0
vizdoom_ml_012010.jpg,0,1,0,0,0,0
vizdoom_ml_012015.jpg,0,0,1,0,0,0
vizdoom_ml_012025.jpg,1,1,0,0,0,0
vizdoom_ml_012030.jpg,1,1,0,0,0,0
vizdoom_ml_012035.jpg,0,0,0,0,0,1
vizdoom_ml_012055.jpg,0,0,0,0,0,1
vizdoom_ml_012080.jpg,0,0,0,0,0,1
vizdoom_ml_012125.jpg,0,0,1,0,0,0
vizdoom_ml_012140.jpg,0,0,1,0,0,0
vizdoom_ml_012145.jpg,0,0,0,0,0,1
vizdoom_ml_012150.jpg,0,0,0,0,0,1
vizdoom_ml_012155.jpg,0,0,0,0,0,1
vizdoom_ml_012180.jpg,0,0,0,0,0,1
vizdoom_ml_012185.jpg,0,0,0,0,0,1
vizdoom_ml_012205.jpg,0,0,0,0,0,1
vizdoom_ml_012210.jpg,0,0,0,0,0,1
vizdoom_ml_012220.jpg,0,0,0,0,0,1
vizdoom_ml_012230.jpg,0,0,0,0,0,1
vizdoom_ml_012235.jpg,0,0,0,0,0,1
vizdoom_ml_012265.jpg,0,0,0,0,0,1
vizdoom_ml_012270.jpg,0,0,0,0,0,1
vizdoom_ml_012275.jpg,0,0,0,0,0,1
vizdoom_ml_012290.jpg,0,0,0,0,0,1
vizdoom_ml_012295.jpg,0,0,0,0,0,1
vizdoom_ml_012300.jpg,0,0,1,0,0,0
vizdoom_ml_012310.jpg,0,0,0,0,0,1
vizdoom_ml_012315.jpg,0,0,0,0,0,1
vizdoom_ml_012320.jpg,0,0,0,0,0,1
vizdoom_ml_012325.jpg,0,0,0,0,0,1
vizdoom_ml_012330.jpg,0,0,1,0,0,0
vizdoom_ml_012335.jpg,0,0,0,0,0,1
vizdoom_ml_012340.jpg,0,0,0,0,0,1
vizdoom_ml_012345.jpg,0,0,0,0,0,1
vizdoom_ml_012355.jpg,0,0,0,0,0,1
vizdoom_ml_012360.jpg,0,0,1,0,0,0
vizdoom_ml_012365.jpg,0,0,0,0,0,1
vizdoom_ml_012375.jpg,0,1,0,0,0,0
vizdoom_ml_012380.jpg,0,1,0,0,0,0
vizdoom_ml_012385.jpg,0,1,0,0,0,0
vizdoom_ml_012390.jpg,0,1,0,0,0,0
vizdoom_ml_012410.jpg,0,1,0,0,0,0
vizdoom_ml_012420.jpg,0,0,0,0,0,1
vizdoom_ml_012425.jpg,0,0,0,0,0,1
vizdoom_ml_012445.jpg,0,0,0,0,0,1
vizdoom_ml_012450.jpg,0,0,1,0,0,0
vizdoom_ml_012465.jpg,0,0,0,0,0,1
vizdoom_ml_012470.jpg,0,0,0,0,0,1
vizdoom_ml_012475.jpg,0,0,0,0,0,1
vizdoom_ml_012480.jpg,0,0,1,0,0,0
vizdoom_ml_012485.jpg,0,0,0,0,0,1
vizdoom_ml_012490.jpg,0,0,0,0,0,1
vizdoom_ml_012520.jpg,0,0,1,0,0,0
vizdoom_ml_012535.jpg,0,0,0,0,0,1
vizdoom_ml_012555.jpg,0,0,0,0,0,1
vizdoom_ml_012560.jpg,0,0,0,0,0,1
vizdoom_ml_012565.jpg,0,0,1,0,0,0
vizdoom_ml_012595.jpg,0,0,1,0,0,0
vizdoom_ml_012610.jpg,0,1,0,0,0,0
vizdoom_ml_012615.jpg,0,1,0,0,0,0
vizdoom_ml_012625.jpg,0,1,0,0,0,0
vizdoom_ml_012630.jpg,0,1,0,0,0,0
vizdoom_ml_012635.jpg,0,1,0,0,0,0
vizdoom_ml_012640.jpg,0,1,0,0,0,0
vizdoom_ml_012645.jpg,0,1,0,0,0,0
vizdoom_ml_012660.jpg,0,0,0,0,0,1
vizdoom_ml_012690.jpg,0,0,0,0,0,1
vizdoom_ml_012695.jpg,0,0,0,0,0,1
vizdoom_ml_012700.jpg,0,0,0,0,0,1
vizdoom_ml_012705.jpg,0,1,0,0,0,0
vizdoom_ml_012710.jpg,0,1,1,0,0,0
vizdoom_ml_012735.jpg,0,0,0,0,0,1
vizdoom_ml_012750.jpg,0,1,0,0,0,0
vizdoom_ml_012755.jpg,0,1,0,0,0,0
vizdoom_ml_012765.jpg,0,1,0,0,0,0
vizdoom_ml_012770.jpg,0,0,0,0,0,1
vizdoom_ml_012775.jpg,0,1,0,0,0,0
vizdoom_ml_012780.jpg,0,1,0,0,0,0
vizdoom_ml_012785.jpg,0,1,0,0,0,0
vizdoom_ml_012795.jpg,0,1,0,0,0,0
vizdoom_ml_012800.jpg,0,0,0,0,0,1
vizdoom_ml_012805.jpg,0,1,0,0,0,0
vizdoom_ml_012810.jpg,0,1,0,0,0,0
vizdoom_ml_012815.jpg,0,1,0,0,0,0
vizdoom_ml_012820.jpg,0,1,0,0,0,0
vizdoom_ml_012825.jpg,0,1,0,0,0,0
vizdoom_ml_012830.jpg,0,1,0,0,0,0
vizdoom_ml_012835.jpg,0,1,0,0,0,0
vizdoom_ml_012840.jpg,0,1,0,0,0,0
vizdoom_ml_012845.jpg,0,1,0,0,0,0
vizdoom_ml_012850.jpg,0,1,0,0,0,0
vizdoom_ml_012855.jpg,0,1,0,0,0,0
vizdoom_ml_012860.jpg,0,1,0,0,0,0
vizdoom_ml_012865.jpg,0,1,0,0,0,0
vizdoom_ml_012870.jpg,0,1,0,0,0,0
vizdoom_ml_012875.jpg,0,1,0,0,0,0
vizdoom_ml_012880.jpg,0,1,0,0,0,0
vizdoom_ml_012885.jpg,0,1,0,0,0,0
vizdoom_ml_012890.jpg,0,1,0,0,0,0
vizdoom_ml_012895.jpg,0,1,0,0,0,0
vizdoom_ml_012900.jpg,0,1,0,0,0,0
vizdoom_ml_012905.jpg,0,1,0,0,0,0
vizdoom_ml_012910.jpg,0,1,0,0,0,0
vizdoom_ml_012915.jpg,0,1,0,0,0,0
vizdoom_ml_012920.jpg,0,1,0,0,0,0
vizdoom_ml_012925.jpg,0,1,0,0,0,0
vizdoom_ml_012930.jpg,0,1,0,0,0,0
vizdoom_ml_012935.jpg,0,1,0,0,0,0
vizdoom_ml_012940.jpg,0,1,0,0,0,0
vizdoom_ml_012945.jpg,0,1,0,0,0,0
vizdoom_ml_012950.jpg,0,1,0,0,0,0
vizdoom_ml_012955.jpg,0,1,0,0,0,0
vizdoom_ml_012960.jpg,0,1,0,0,0,0
vizdoom_ml_012965.jpg,0,1,0,0,0,0
vizdoom_ml_012975.jpg,0,0,0,0,0,1
vizdoom_ml_012995.jpg,0,0,0,0,0,1
vizdoom_ml_013015.jpg,0,1,0,0,0,0
vizdoom_ml_013020.jpg,0,1,0,0,0,0
vizdoom_ml_013030.jpg,0,0,0,0,0,1
vizdoom_ml_013035.jpg,0,0,0,0,0,1
vizdoom_ml_013050.jpg,0,0,0,0,0,1
vizdoom_ml_013085.jpg,0,0,0,0,0,1
vizdoom_ml_013100.jpg,0,0,0,0,0,1
vizdoom_ml_013110.jpg,0,0,1,0,0,0
vizdoom_ml_013115.jpg,0,0,0,0,0,1
vizdoom_ml_013150.jpg,0,0,0,0,0,1
vizdoom_ml_013160.jpg,0,0,0,0,0,1
vizdoom_ml_013170.jpg,0,0,0,0,0,1
vizdoom_ml_013200.jpg,0,1,0,0,0,0
vizdoom_ml_013205.jpg,0,1,0,0,0,0
vizdoom_ml_013210.jpg,0,1,0,0,0,0
vizdoom_ml_013215.jpg,0,1,0,0,0,0
vizdoom_ml_013220.jpg,0,1,0,0,0,0
vizdoom_ml_013225.jpg,0,1,0,0,0,0
vizdoom_ml_013230.jpg,0,1,0,0,0,0
vizdoom_ml_013235.jpg,0,1,0,0,0,0
vizdoom_ml_013240.jpg,0,1,0,0,0,0
vizdoom_ml_013245.jpg,0,1,0,0,0,0
vizdoom_ml_013250.jpg,0,1,0,0,0,0
vizdoom_ml_013255.jpg,0,1,0,0,0,0
vizdoom_ml_013260.jpg,0,1,0,0,0,0
vizdoom_ml_013265.jpg,0,0,0,0,0,1
vizdoom_ml_013280.jpg,0,0,0,0,0,1
vizdoom_ml_013285.jpg,0,0,0,0,0,1
vizdoom_ml_013295.jpg,0,0,1,0,0,0
vizdoom_ml_013300.jpg,0,0,0,0,0,1
vizdoom_ml_013310.jpg,0,0,0,0,0,1
vizdoom_ml_013315.jpg,0,0,0,0,0,1
vizdoom_ml_013335.jpg,0,0,0,0,0,1
vizdoom_ml_013350.jpg,0,0,0,0,0,1
vizdoom_ml_013365.jpg,0,0,0,0,0,1
vizdoom_ml_013370.jpg,0,0,0,0,0,1
vizdoom_ml_013375.jpg,0,0,0,0,0,1
vizdoom_ml_013395.jpg,0,0,0,0,0,1
vizdoom_ml_013410.jpg,0,0,0,0,0,1
vizdoom_ml_013420.jpg,0,0,0,0,0,1
vizdoom_ml_013435.jpg,0,0,0,0,0,1
vizdoom_ml_013440.jpg,0,0,0,0,0,1
vizdoom_ml_013445.jpg,0,0,0,0,0,1
vizdoom_ml_013465.jpg,0,0,0,0,0,1
vizdoom_ml_013470.jpg,0,0,0,0,0,1
vizdoom_ml_013490.jpg,0,0,0,0,0,1
vizdoom_ml_013515.jpg,0,0,0,0,0,1
vizdoom_ml_013525.jpg,0,0,0,0,0,1
vizdoom_ml_013530.jpg,0,0,0,0,0,1
vizdoom_ml_013535.jpg,0,0,0,0,0,1
vizdoom_ml_013545.jpg,0,0,0,0,0,1
vizdoom_ml_013550.jpg,0,0,0,0,0,1
vizdoom_ml_013560.jpg,0,0,0,0,0,1
vizdoom_ml_013570.jpg,0,0,0,0,0,1
vizdoom_ml_013585.jpg,0,0,0,0,0,1
vizdoom_ml_013595.jpg,0,0,0,0,0,1
vizdoom_ml_013610.jpg,0,0,0,0,0,1
vizdoom_ml_013615.jpg,0,0,0,0,0,1
vizdoom_ml_013620.jpg,0,0,0,0,0,1
vizdoom_ml_013635.jpg,0,0,0,0,0,1
vizdoom_ml_013660.jpg,0,0,0,0,0,1
vizdoom_ml_013675.jpg,0,0,0,0,0,1
vizdoom_ml_013680.jpg,0,0,0,0,0,1
vizdoom_ml_013685.jpg,0,0,0,0,0,1
vizdoom_ml_013700.jpg,0,0,0,0,0,1
vizdoom_ml_013705.jpg,0,0,0,0,0,1
vizdoom_ml_013715.jpg,0,0,0,0,0,1
vizdoom_ml_013725.jpg,0,0,0,0,0,1
vizdoom_ml_013750.jpg,0,0,0,0,0,1
vizdoom_ml_013760.jpg,0,0,0,0,0,1
vizdoom_ml_013765.jpg,0,0,0,0,0,1
vizdoom_ml_013770.jpg,0,0,0,0,0,1
vizdoom_ml_013785.jpg,0,0,0,0,0,1
vizdoom_ml_013850.jpg,0,0,0,0,0,1
vizdoom_ml_013870.jpg,0,0,0,0,0,1
vizdoom_ml_013875.jpg,0,0,0,0,0,1
vizdoom_ml_013925.jpg,0,0,0,0,0,1
vizdoom_ml_013945.jpg,0,0,0,0,0,1
vizdoom_ml_013960.jpg,0,0,0,0,0,1
vizdoom_ml_013990.jpg,0,0,0,0,0,1
vizdoom_ml_013995.jpg,0,0,0,0,0,1
vizdoom_ml_014010.jpg,0,0,0,0,0,1
vizdoom_ml_014015.jpg,0,0,0,0,0,1
vizdoom_ml_014020.jpg,0,0,0,0,0,1
vizdoom_ml_014025.jpg,0,0,0,0,0,1
vizdoom_ml_014030.jpg,0,0,0,0,0,1
vizdoom_ml_014050.jpg,0,0,0,0,0,1
vizdoom_ml_014070.jpg,0,0,0,0,0,1
vizdoom_ml_014075.jpg,0,0,0,0,0,1
vizdoom_ml_014080.jpg,0,0,0,0,0,1
vizdoom_ml_014090.jpg,0,0,1,0,0,0
vizdoom_ml_014095.jpg,0,0,0,0,0,1
vizdoom_ml_014100.jpg,0,0,0,0,0,1
vizdoom_ml_014120.jpg,0,0,0,0,0,1
vizdoom_ml_014125.jpg,0,0,0,0,0,1
vizdoom_ml_014140.jpg,0,0,0,0,0,1
vizdoom_ml_014145.jpg,0,0,0,0,0,1
vizdoom_ml_014165.jpg,0,0,0,0,0,1
vizdoom_ml_014175.jpg,0,0,0,0,0,1
vizdoom_ml_014200.jpg,0,0,0,0,0,1
vizdoom_ml_014205.jpg,0,0,1,0,0,0
vizdoom_ml_014220.jpg,0,0,0,0,0,1
vizdoom_ml_014225.jpg,0,0,0,0,0,1
vizdoom_ml_014235.jpg,0,0,0,0,0,1
vizdoom_ml_014255.jpg,0,0,0,0,0,1
vizdoom_ml_014280.jpg,0,0,0,0,0,1
vizdoom_ml_014320.jpg,0,0,0,0,0,1
vizdoom_ml_014350.jpg,0,0,0,0,0,1
vizdoom_ml_014365.jpg,0,0,0,0,0,1
vizdoom_ml_014370.jpg,0,0,0,0,0,1
vizdoom_ml_014380.jpg,0,0,0,0,0,1
vizdoom_ml_014395.jpg,0,0,1,0,0,0
vizdoom_ml_014425.jpg,0,0,0,0,0,1
vizdoom_ml_014430.jpg,0,0,0,0,0,1
vizdoom_ml_014455.jpg,0,0,0,0,0,1
vizdoom_ml_014460.jpg,0,0,0,0,0,1
vizdoom_ml_014465.jpg,0,0,0,0,0,1
vizdoom_ml_014470.jpg,0,0,0,0,0,1
vizdoom_ml_014480.jpg,0,0,0,0,0,1
vizdoom_ml_014485.jpg,0,0,0,0,0,1
vizdoom_ml_014500.jpg,0,0,0,0,0,1
vizdoom_ml_014505.jpg,0,0,0,0,0,1
vizdoom_ml_014520.jpg,0,0,0,0,0,1
vizdoom_ml_014530.jpg,0,0,0,0,0,1
vizdoom_ml_014540.jpg,0,0,0,0,0,1
vizdoom_ml_014560.jpg,0,0,0,0,0,1
vizdoom_ml_014565.jpg,0,0,0,0,0,1
vizdoom_ml_014580.jpg,0,0,0,0,0,1
vizdoom_ml_014590.jpg,0,0,1,0,0,0
vizdoom_ml_014605.jpg,0,0,0,0,0,1
vizdoom_ml_014610.jpg,0,0,0,0,0,1
vizdoom_ml_014620.jpg,0,0,0,0,0,1
vizdoom_ml_014625.jpg,0,0,0,0,0,1
vizdoom_ml_014630.jpg,0,0,0,0,0,1
vizdoom_ml_014665.jpg,0,0,1,0,0,0
vizdoom_ml_014675.jpg,0,0,0,0,0,1
vizdoom_ml_014685.jpg,0,0,0,0,0,1
vizdoom_ml_014710.jpg,0,0,1,0,0,0
vizdoom_ml_014745.jpg,0,0,0,0,0,1
vizdoom_ml_014750.jpg,0,0,0,0,0,1
vizdoom_ml_014755.jpg,0,0,0,0,0,1
vizdoom_ml_014765.jpg,0,0,0,0,0,1
vizdoom_ml_014775.jpg,0,0,0,0,0,1
vizdoom_ml_014780.jpg,0,0,0,0,0,1
vizdoom_ml_014785.jpg,0,0,0,0,0,1
vizdoom_ml_014795.jpg,0,0,0,0,0,1
vizdoom_ml_014810.jpg,0,0,0,0,0,1
vizdoom_ml_014820.jpg,0,0,1,0,0,0
vizdoom_ml_014850.jpg,0,0,0,0,0,1
vizdoom_ml_014885.jpg,0,0,0,0,0,1
vizdoom_ml_014895.jpg,0,0,0,0,0,1
vizdoom_ml_014900.jpg,0,0,0,0,0,1
vizdoom_ml_014930.jpg,0,0,0,0,0,1
vizdoom_ml_014940.jpg,0,1,0,0,0,0
vizdoom_ml_014945.jpg,0,1,0,0,0,0
vizdoom_ml_014985.jpg,0,0,0,0,0,1
vizdoom_ml_014990.jpg,0,0,0,0,0,1
bootstrap_enemy_visible_000000.jpg,1,0,0,0,0,0
bootstrap_enemy_visible_000001.jpg,1,0,0,0,0,0
bootstrap_enemy_visible_000002.jpg,1,0,0,0,0,0
bootstrap_enemy_visible_000003.jpg,1,0,0,0,0,0
bootstrap_enemy_visible_000004.jpg,1,0,0,0,0,0
bootstrap_enemy_visible_000005.jpg,1,0,0,0,0,0
bootstrap_enemy_visible_000006.jpg,1,0,0,0,0,0
bootstrap_enemy_visible_000007.jpg,1,0,0,0,0,0
bootstrap_enemy_visible_000008.jpg,1,0,0,0,0,0
bootstrap_enemy_visible_000009.jpg,1,0,0,0,0,0
bootstrap_enemy_visible_000010.jpg,1,0,0,0,0,0
bootstrap_enemy_visible_000011.jpg,1,0,0,0,0,0
bootstrap_enemy_visible_000012.jpg,1,0,0,0,0,0
bootstrap_enemy_visible_000013.jpg,1,0,0,0,0,0
bootstrap_enemy_visible_000014.jpg,1,0,0,0,0,0
bootstrap_enemy_visible_000015.jpg,1,0,0,0,0,0
bootstrap_enemy_visible_000016.jpg,1,0,0,0,0,0
bootstrap_enemy_visible_000017.jpg,1,0,0,0,0,0
bootstrap_enemy_visible_000018.jpg,1,0,0,0,0,0
bootstrap_enemy_visible_000019.jpg,1,0,0,0,0,0
bootstrap_enemy_visible_000020.jpg,1,0,0,0,0,0
bootstrap_enemy_visible_000021.jpg,1,0,0,0,0,0
bootstrap_enemy_visible_000022.jpg,1,0,0,0,0,0
bootstrap_enemy_visible_000023.jpg,1,0,0,0,0,0
bootstrap_enemy_visible_000024.jpg,1,0,0,0,0,0
bootstrap_enemy_visible_000025.jpg,1,0,0,0,0,0
bootstrap_enemy_visible_000026.jpg,1,0,0,0,0,0
bootstrap_enemy_visible_000027.jpg,1,0,0,0,0,0
bootstrap_enemy_visible_000028.jpg,1,0,0,0,0,0
bootstrap_enemy_visible_000029.jpg,1,0,0,0,0,0
bootstrap_enemy_visible_000030.jpg,1,0,0,0,0,0
bootstrap_enemy_visible_000031.jpg,1,0,0,0,0,0
bootstrap_enemy_visible_000032.jpg,1,0,0,0,0,0
bootstrap_enemy_visible_000033.jpg,1,0,0,0,0,0
bootstrap_enemy_visible_000034.jpg,1,0,0,0,0,0
bootstrap_enemy_visible_000035.jpg,1,0,0,0,0,0
bootstrap_enemy_visible_000036.jpg,1,0,0,0,0,0
bootstrap_enemy_visible_000037.jpg,1,0,0,0,0,0
bootstrap_enemy_visible_000038.jpg,1,0,0,0,0,0
bootstrap_enemy_visible_000039.jpg,1,0,0,0,0,0
bootstrap_enemy_visible_000040.jpg,1,0,0,0,0,0
bootstrap_enemy_visible_000041.jpg,1,0,0,0,0,0
bootstrap_enemy_visible_000042.jpg,1,0,0,0,0,0
bootstrap_enemy_visible_000043.jpg,1,0,0,0,0,0
bootstrap_enemy_visible_000044.jpg,1,0,0,0,0,0
bootstrap_enemy_visible_000045.jpg,1,0,0,0,0,0
bootstrap_enemy_visible_000046.jpg,1,0,0,0,0,0
bootstrap_enemy_visible_000047.jpg,1,0,0,0,0,0
bootstrap_enemy_visible_000048.jpg,1,0,0,0,0,0
bootstrap_enemy_visible_000049.jpg,1,0,0,0,0,0
bootstrap_enemy_visible_000050.jpg,1,0,0,0,0,0
bootstrap_enemy_visible_000051.jpg,1,0,0,0,0,0
bootstrap_enemy_visible_000052.jpg,1,0,0,0,0,0
bootstrap_enemy_visible_000053.jpg,1,0,0,0,0,0
bootstrap_enemy_visible_000054.jpg,1,0,0,0,0,0
bootstrap_enemy_visible_000055.jpg,1,0,0,0,0,0
bootstrap_enemy_visible_000056.jpg,1,0,0,0,0,0
bootstrap_enemy_visible_000057.jpg,1,0,0,0,0,0
bootstrap_enemy_visible_000058.jpg,1,0,0,0,0,0
bootstrap_enemy_visible_000059.jpg,1,0,0,0,0,0
bootstrap_enemy_visible_000060.jpg,1,0,0,0,0,0
bootstrap_enemy_visible_000061.jpg,1,0,0,0,0,0
bootstrap_enemy_visible_000062.jpg,1,0,0,0,0,0
bootstrap_enemy_visible_000063.jpg,1,0,0,0,0,0
bootstrap_enemy_visible_000064.jpg,1,0,0,0,0,0
bootstrap_enemy_visible_000065.jpg,1,0,0,0,0,0
bootstrap_enemy_visible_000066.jpg,1,0,0,0,0,0
bootstrap_enemy_visible_000067.jpg,1,0,0,0,0,0
bootstrap_enemy_visible_000068.jpg,1,0,0,0,0,0
bootstrap_enemy_visible_000069.jpg,1,0,0,0,0,0
bootstrap_enemy_visible_000070.jpg,1,0,0,0,0,0
bootstrap_enemy_visible_000071.jpg,1,0,0,0,0,0
bootstrap_enemy_visible_000072.jpg,1,0,0,0,0,0
bootstrap_enemy_visible_000073.jpg,1,0,0,0,0,0
bootstrap_enemy_visible_000074.jpg,1,0,0,0,0,0
bootstrap_enemy_visible_000075.jpg,1,0,0,0,0,0
bootstrap_enemy_visible_000076.jpg,1,0,0,0,0,0
bootstrap_enemy_visible_000077.jpg,1,0,0,0,0,0
bootstrap_enemy_visible_000078.jpg,1,0,0,0,0,0
bootstrap_enemy_visible_000079.jpg,1,0,0,0,0,0
bootstrap_enemy_visible_000080.jpg,1,0,0,0,0,0
bootstrap_enemy_visible_000081.jpg,1,0,0,0,0,0
bootstrap_enemy_visible_000082.jpg,1,0,0,0,0,0
bootstrap_enemy_visible_000083.jpg,1,0,0,0,0,0
bootstrap_enemy_visible_000084.jpg,1,0,0,0,0,0
bootstrap_enemy_visible_000085.jpg,1,0,0,0,0,0
bootstrap_enemy_visible_000086.jpg,1,0,0,0,0,0
bootstrap_enemy_visible_000087.jpg,1,0,0,0,0,0
bootstrap_enemy_visible_000088.jpg,1,0,0,0,0,0
bootstrap_enemy_visible_000089.jpg,1,0,0,0,0,0
bootstrap_enemy_visible_000090.jpg,1,0,0,0,0,0
bootstrap_enemy_visible_000091.jpg,1,0,0,0,0,0
bootstrap_enemy_visible_000092.jpg,1,0,0,0,0,0
bootstrap_enemy_visible_000093.jpg,1,0,0,0,0,0
bootstrap_enemy_visible_000094.jpg,1,0,0,0,0,0
bootstrap_enemy_visible_000095.jpg,1,0,0,0,0,0
bootstrap_enemy_visible_000096.jpg,1,0,0,0,0,0
bootstrap_enemy_visible_000097.jpg,1,0,0,0,0,0
bootstrap_enemy_visible_000098.jpg,1,0,0,0,0,0
bootstrap_enemy_visible_000099.jpg,1,0,0,0,0,0
bootstrap_enemy_visible_000100.jpg,1,0,0,0,0,0
bootstrap_enemy_visible_000101.jpg,1,0,0,0,0,0
bootstrap_enemy_visible_000102.jpg,1,0,0,0,0,0
bootstrap_enemy_visible_000103.jpg,1,0,0,0,0,0
bootstrap_enemy_visible_000104.jpg,1,0,0,0,0,0
bootstrap_enemy_visible_000105.jpg,1,0,0,0,0,0
bootstrap_enemy_visible_000106.jpg,1,0,0,0,0,0
bootstrap_enemy_visible_000107.jpg,1,0,0,0,0,0
bootstrap_enemy_visible_000108.jpg,1,0,0,0,0,0
bootstrap_enemy_visible_000109.jpg,1,0,0,0,0,0
bootstrap_enemy_visible_000110.jpg,1,0,0,0,0,0
bootstrap_enemy_visible_000111.jpg,1,0,0,0,0,0
bootstrap_enemy_visible_000112.jpg,1,0,0,0,0,0
bootstrap_enemy_visible_000113.jpg,1,0,0,0,0,0
bootstrap_enemy_visible_000114.jpg,1,0,0,0,0,0
bootstrap_enemy_visible_000115.jpg,1,0,0,0,0,0
bootstrap_enemy_visible_000116.jpg,1,0,0,0,0,0
bootstrap_enemy_visible_000117.jpg,1,0,0,0,0,0
bootstrap_enemy_visible_000118.jpg,1,0,0,0,0,0
bootstrap_enemy_visible_000119.jpg,1,0,0,0,0,0
bootstrap_enemy_visible_000120.jpg,1,0,0,0,0,0
bootstrap_enemy_visible_000121.jpg,1,0,0,0,0,0
bootstrap_enemy_visible_000122.jpg,1,0,0,0,0,0
bootstrap_enemy_visible_000123.jpg,1,0,0,0,0,0
bootstrap_enemy_visible_000124.jpg,1,0,0,0,0,0
bootstrap_enemy_visible_000125.jpg,1,0,0,0,0,0
bootstrap_enemy_visible_000126.jpg,1,0,0,0,0,0
bootstrap_enemy_visible_000127.jpg,1,0,0,0,0,0
bootstrap_enemy_visible_000128.jpg,1,0,0,0,0,0
bootstrap_enemy_visible_000129.jpg,1,0,0,0,0,0
bootstrap_enemy_visible_000130.jpg,1,0,0,0,0,0
bootstrap_enemy_visible_000131.jpg,1,0,0,0,0,0
bootstrap_enemy_visible_000132.jpg,1,0,0,0,0,0
bootstrap_enemy_visible_000133.jpg,1,0,0,0,0,0
bootstrap_enemy_visible_000134.jpg,1,0,0,0,0,0
bootstrap_enemy_visible_000135.jpg,1,0,0,0,0,0
bootstrap_enemy_visible_000136.jpg,1,0,0,0,0,0
bootstrap_enemy_visible_000137.jpg,1,0,0,0,0,0
bootstrap_enemy_visible_000138.jpg,1,0,0,0,0,0
bootstrap_enemy_visible_000139.jpg,1,0,0,0,0,0
bootstrap_enemy_visible_000140.jpg,1,0,0,0,0,0
bootstrap_enemy_visible_000141.jpg,1,0,0,0,0,0
bootstrap_enemy_visible_000142.jpg,1,0,0,0,0,0
bootstrap_enemy_visible_000143.jpg,1,0,0,0,0,0
bootstrap_enemy_visible_000144.jpg,1,0,0,0,0,0
bootstrap_enemy_visible_000145.jpg,1,0,0,0,0,0
bootstrap_enemy_visible_000146.jpg,1,0,0,0,0,0
bootstrap_enemy_visible_000147.jpg,1,0,0,0,0,0
bootstrap_enemy_visible_000148.jpg,1,0,0,0,0,0
bootstrap_enemy_visible_000149.jpg,1,0,0,0,0,0
bootstrap_enemy_visible_000150.jpg,1,0,0,0,0,0
bootstrap_enemy_visible_000151.jpg,1,0,0,0,0,0
bootstrap_enemy_visible_000152.jpg,1,0,0,0,0,0
bootstrap_enemy_visible_000153.jpg,1,0,0,0,0,0
bootstrap_enemy_visible_000154.jpg,1,0,0,0,0,0
bootstrap_enemy_visible_000155.jpg,1,0,0,0,0,0
bootstrap_enemy_visible_000156.jpg,1,0,0,0,0,0
bootstrap_enemy_visible_000157.jpg,1,0,0,0,0,0
bootstrap_enemy_visible_000158.jpg,1,0,0,0,0,0
bootstrap_enemy_visible_000159.jpg,1,0,0,0,0,0
bootstrap_enemy_visible_000160.jpg,1,0,0,0,0,0
bootstrap_enemy_visible_000161.jpg,1,0,0,0,0,0
bootstrap_enemy_visible_000162.jpg,1,0,0,0,0,0
bootstrap_enemy_visible_000163.jpg,1,0,0,0,0,0
bootstrap_enemy_visible_000164.jpg,1,0,0,0,0,0
bootstrap_enemy_visible_000165.jpg,1,0,0,0,0,0
bootstrap_enemy_visible_000166.jpg,1,0,0,0,0,0
bootstrap_enemy_visible_000167.jpg,1,0,0,0,0,0
bootstrap_enemy_visible_000168.jpg,1,0,0,0,0,0
bootstrap_enemy_visible_000169.jpg,1,0,0,0,0,0
bootstrap_enemy_visible_000170.jpg,1,0,0,0,0,0
bootstrap_enemy_visible_000171.jpg,1,0,0,0,0,0
bootstrap_enemy_visible_000172.jpg,1,0,0,0,0,0
bootstrap_enemy_visible_000173.jpg,1,0,0,0,0,0
bootstrap_enemy_visible_000174.jpg,1,0,0,0,0,0
bootstrap_enemy_visible_000175.jpg,1,0,0,0,0,0
bootstrap_enemy_visible_000176.jpg,1,0,0,0,0,0
bootstrap_enemy_visible_000177.jpg,1,0,0,0,0,0
bootstrap_enemy_visible_000178.jpg,1,0,0,0,0,0
bootstrap_enemy_visible_000179.jpg,1,0,0,0,0,0
bootstrap_enemy_visible_000180.jpg,1,0,0,0,0,0
bootstrap_enemy_visible_000181.jpg,1,0,0,0,0,0
bootstrap_enemy_visible_000182.jpg,1,0,0,0,0,0
bootstrap_enemy_visible_000183.jpg,1,0,0,0,0,0
bootstrap_enemy_visible_000184.jpg,1,0,0,0,0,0
bootstrap_enemy_visible_000185.jpg,1,0,0,0,0,0
bootstrap_enemy_visible_000186.jpg,1,0,0,0,0,0
bootstrap_enemy_visible_000187.jpg,1,0,0,0,0,0
bootstrap_enemy_visible_000188.jpg,1,0,0,0,0,0
bootstrap_enemy_visible_000189.jpg,1,0,0,0,0,0
bootstrap_enemy_visible_000190.jpg,1,0,0,0,0,0
bootstrap_enemy_visible_000191.jpg,1,0,0,0,0,0
bootstrap_enemy_visible_000192.jpg,1,0,0,0,0,0
bootstrap_enemy_visible_000193.jpg,1,0,0,0,0,0
bootstrap_enemy_visible_000194.jpg,1,0,0,0,0,0
bootstrap_enemy_visible_000195.jpg,1,0,0,0,0,0
bootstrap_enemy_visible_000196.jpg,1,0,0,0,0,0
bootstrap_enemy_visible_000197.jpg,1,0,0,0,0,0
bootstrap_enemy_visible_000198.jpg,1,0,0,0,0,0
bootstrap_enemy_visible_000199.jpg,1,0,0,0,0,0
bootstrap_enemy_visible_000200.jpg,1,0,0,0,0,0
bootstrap_enemy_visible_000201.jpg,1,0,0,0,0,0
bootstrap_enemy_visible_000202.jpg,1,0,0,0,0,0
bootstrap_enemy_visible_000203.jpg,1,0,0,0,0,0
bootstrap_enemy_visible_000204.jpg,1,0,0,0,0,0
bootstrap_enemy_visible_000205.jpg,1,0,0,0,0,0
bootstrap_enemy_visible_000206.jpg,1,0,0,0,0,0
bootstrap_enemy_visible_000207.jpg,1,0,0,0,0,0
bootstrap_enemy_visible_000208.jpg,1,0,0,0,0,0
bootstrap_enemy_visible_000209.jpg,1,0,0,0,0,0
bootstrap_enemy_visible_000210.jpg,1,0,0,0,0,0
bootstrap_enemy_visible_000211.jpg,1,0,0,0,0,0
bootstrap_enemy_visible_000212.jpg,1,0,0,0,0,0
bootstrap_enemy_visible_000213.jpg,1,0,0,0,0,0
bootstrap_enemy_visible_000214.jpg,1,0,0,0,0,0
bootstrap_enemy_visible_000215.jpg,1,0,0,0,0,0
bootstrap_enemy_visible_000216.jpg,1,0,0,0,0,0
bootstrap_enemy_visible_000217.jpg,1,0,0,0,0,0
bootstrap_enemy_visible_000218.jpg,1,0,0,0,0,0
bootstrap_enemy_visible_000219.jpg,1,0,0,0,0,0
bootstrap_enemy_visible_000220.jpg,1,0,0,0,0,0
bootstrap_enemy_visible_000221.jpg,1,0,0,0,0,0
bootstrap_enemy_visible_000222.jpg,1,0,0,0,0,0
bootstrap_enemy_visible_000223.jpg,1,0,0,0,0,0
bootstrap_enemy_visible_000224.jpg,1,0,0,0,0,0
bootstrap_enemy_visible_000225.jpg,1,0,0,0,0,0
bootstrap_enemy_visible_000226.jpg,1,0,0,0,0,0
bootstrap_enemy_visible_000227.jpg,1,0,0,0,0,0
bootstrap_enemy_visible_000228.jpg,1,0,0,0,0,0
bootstrap_enemy_visible_000229.jpg,1,0,0,0,0,0
bootstrap_enemy_visible_000230.jpg,1,0,0,0,0,0
bootstrap_enemy_visible_000231.jpg,1,0,0,0,0,0
bootstrap_enemy_visible_000232.jpg,1,0,0,0,0,0
bootstrap_enemy_visible_000233.jpg,1,0,0,0,0,0
bootstrap_enemy_visible_000234.jpg,1,0,0,0,0,0
bootstrap_enemy_visible_000235.jpg,1,0,0,0,0,0
bootstrap_enemy_visible_000236.jpg,1,0,0,0,0,0
bootstrap_enemy_visible_000237.jpg,1,0,0,0,0,0
bootstrap_enemy_visible_000238.jpg,1,0,0,0,0,0
bootstrap_enemy_visible_000239.jpg,1,0,0,0,0,0
bootstrap_enemy_visible_000240.jpg,1,0,0,0,0,0
bootstrap_enemy_visible_000241.jpg,1,0,0,0,0,0
bootstrap_enemy_visible_000242.jpg,1,0,0,0,0,0
bootstrap_enemy_visible_000243.jpg,1,0,0,0,0,0
bootstrap_enemy_visible_000244.jpg,1,0,0,0,0,0
bootstrap_enemy_visible_000245.jpg,1,0,0,0,0,0
bootstrap_enemy_visible_000246.jpg,1,0,0,0,0,0
bootstrap_enemy_visible_000247.jpg,1,0,0,0,0,0
bootstrap_enemy_visible_000248.jpg,1,0,0,0,0,0
bootstrap_enemy_visible_000249.jpg,1,0,0,0,0,0
bootstrap_enemy_visible_000250.jpg,1,0,0,0,0,0
bootstrap_enemy_visible_000251.jpg,1,0,0,0,0,0
bootstrap_enemy_visible_000252.jpg,1,0,0,0,0,0
bootstrap_enemy_visible_000253.jpg,1,0,0,0,0,0
bootstrap_enemy_visible_000254.jpg,1,0,0,0,0,0
bootstrap_enemy_visible_000255.jpg,1,0,0,0,0,0
bootstrap_enemy_visible_000256.jpg,1,0,0,0,0,0
bootstrap_enemy_visible_000257.jpg,1,0,0,0,0,0
bootstrap_enemy_visible_000258.jpg,1,0,0,0,0,0
bootstrap_enemy_visible_000259.jpg,1,0,0,0,0,0
bootstrap_enemy_visible_000260.jpg,1,0,0,0,0,0
bootstrap_enemy_visible_000261.jpg,1,0,0,0,0,0
bootstrap_enemy_visible_000262.jpg,1,0,0,0,0,0
bootstrap_enemy_visible_000263.jpg,1,0,0,0,0,0
bootstrap_enemy_visible_000264.jpg,1,0,0,0,0,0
bootstrap_enemy_visible_000265.jpg,1,0,0,0,0,0
bootstrap_enemy_visible_000266.jpg,1,0,0,0,0,0
bootstrap_enemy_visible_000267.jpg,1,0,0,0,0,0
bootstrap_enemy_visible_000268.jpg,1,0,0,0,0,0
bootstrap_enemy_visible_000269.jpg,1,0,0,0,0,0
bootstrap_enemy_visible_000270.jpg,1,0,0,0,0,0
bootstrap_enemy_visible_000271.jpg,1,0,0,0,0,0
bootstrap_enemy_visible_000272.jpg,1,0,0,0,0,0
bootstrap_enemy_visible_000273.jpg,1,0,0,0,0,0
bootstrap_enemy_visible_000274.jpg,1,0,0,0,0,0
bootstrap_enemy_visible_000275.jpg,1,0,0,0,0,0
bootstrap_enemy_visible_000276.jpg,1,0,0,0,0,0
bootstrap_enemy_visible_000277.jpg,1,0,0,0,0,0
bootstrap_enemy_visible_000278.jpg,1,0,0,0,0,0
bootstrap_enemy_visible_000279.jpg,1,0,0,0,0,0
bootstrap_enemy_visible_000280.jpg,1,0,0,0,0,0
bootstrap_enemy_visible_000281.jpg,1,0,0,0,0,0
bootstrap_enemy_visible_000282.jpg,1,0,0,0,0,0
bootstrap_enemy_visible_000283.jpg,1,0,0,0,0,0
bootstrap_enemy_visible_000284.jpg,1,0,0,0,0,0
bootstrap_enemy_visible_000285.jpg,1,0,0,0,0,0
bootstrap_enemy_visible_000286.jpg,1,0,0,0,0,0
bootstrap_enemy_visible_000287.jpg,1,0,0,0,0,0
bootstrap_enemy_visible_000288.jpg,1,0,0,0,0,0
bootstrap_enemy_visible_000289.jpg,1,0,0,0,0,0
bootstrap_enemy_visible_000290.jpg,1,0,0,0,0,0
bootstrap_enemy_visible_000291.jpg,1,0,0,0,0,0
bootstrap_enemy_visible_000292.jpg,1,0,0,0,0,0
bootstrap_enemy_visible_000293.jpg,1,0,0,0,0,0
bootstrap_enemy_visible_000294.jpg,1,0,0,0,0,0
bootstrap_enemy_visible_000295.jpg,1,0,0,0,0,0
bootstrap_enemy_visible_000296.jpg,1,0,0,0,0,0
bootstrap_enemy_visible_000297.jpg,1,0,0,0,0,0
bootstrap_enemy_visible_000298.jpg,1,0,0,0,0,0
bootstrap_enemy_visible_000299.jpg,1,0,0,0,0,0
bootstrap_enemy_visible_000300.jpg,1,0,0,0,0,0
bootstrap_enemy_visible_000301.jpg,1,0,0,0,0,0
bootstrap_enemy_visible_000302.jpg,1,0,0,0,0,0
bootstrap_enemy_visible_000303.jpg,1,0,0,0,0,0
bootstrap_enemy_visible_000304.jpg,1,0,0,0,0,0
bootstrap_enemy_visible_000305.jpg,1,0,0,0,0,0
bootstrap_enemy_visible_000306.jpg,1,0,0,0,0,0
bootstrap_enemy_visible_000307.jpg,1,0,0,0,0,0
bootstrap_enemy_visible_000308.jpg,1,0,0,0,0,0
bootstrap_enemy_visible_000309.jpg,1,0,0,0,0,0
bootstrap_enemy_visible_000310.jpg,1,0,0,0,0,0
bootstrap_enemy_visible_000311.jpg,1,0,0,0,0,0
bootstrap_enemy_visible_000312.jpg,1,0,0,0,0,0
bootstrap_enemy_visible_000313.jpg,1,0,0,0,0,0
bootstrap_enemy_visible_000314.jpg,1,0,0,0,0,0
bootstrap_enemy_visible_000315.jpg,1,0,0,0,0,0
bootstrap_enemy_visible_000316.jpg,1,0,0,0,0,0
bootstrap_enemy_visible_000317.jpg,1,0,0,0,0,0
bootstrap_enemy_visible_000318.jpg,1,0,0,0,0,0
bootstrap_enemy_visible_000319.jpg,1,0,0,0,0,0
bootstrap_enemy_visible_000320.jpg,1,0,0,0,0,0
bootstrap_enemy_visible_000321.jpg,1,0,0,0,0,0
bootstrap_enemy_visible_000322.jpg,1,0,0,0,0,0
bootstrap_enemy_visible_000323.jpg,1,0,0,0,0,0
bootstrap_enemy_visible_000324.jpg,1,0,0,0,0,0
bootstrap_enemy_visible_000325.jpg,1,0,0,0,0,0
bootstrap_enemy_visible_000326.jpg,1,0,0,0,0,0
bootstrap_enemy_visible_000327.jpg,1,0,0,0,0,0
bootstrap_enemy_visible_000328.jpg,1,0,0,0,0,0
bootstrap_enemy_visible_000329.jpg,1,0,0,0,0,0
bootstrap_enemy_visible_000330.jpg,1,0,0,0,0,0
bootstrap_enemy_visible_000331.jpg,1,0,0,0,0,0
bootstrap_enemy_visible_000332.jpg,1,0,0,0,0,0
bootstrap_enemy_visible_000333.jpg,1,0,0,0,0,0
bootstrap_enemy_visible_000334.jpg,1,0,0,0,0,0
bootstrap_enemy_visible_000335.jpg,1,0,0,0,0,0
bootstrap_enemy_visible_000336.jpg,1,0,0,0,0,0
bootstrap_enemy_visible_000337.jpg,1,0,0,0,0,0
bootstrap_enemy_visible_000338.jpg,1,0,0,0,0,0
bootstrap_enemy_visible_000339.jpg,1,0,0,0,0,0
bootstrap_enemy_visible_000340.jpg,1,0,0,0,0,0
bootstrap_enemy_visible_000341.jpg,1,0,0,0,0,0
bootstrap_enemy_visible_000342.jpg,1,0,0,0,0,0
bootstrap_enemy_visible_000343.jpg,1,0,0,0,0,0
bootstrap_enemy_visible_000344.jpg,1,0,0,0,0,0
bootstrap_enemy_visible_000345.jpg,1,0,0,0,0,0
bootstrap_enemy_visible_000346.jpg,1,0,0,0,0,0
bootstrap_enemy_visible_000347.jpg,1,0,0,0,0,0
bootstrap_enemy_visible_000348.jpg,1,0,0,0,0,0
bootstrap_enemy_visible_000349.jpg,1,0,0,0,0,0
bootstrap_enemy_visible_000350.jpg,1,0,0,0,0,0
bootstrap_enemy_visible_000351.jpg,1,0,0,0,0,0
bootstrap_enemy_visible_000352.jpg,1,0,0,0,0,0
bootstrap_enemy_visible_000353.jpg,1,0,0,0,0,0
bootstrap_enemy_visible_000354.jpg,1,0,0,0,0,0
bootstrap_enemy_visible_000355.jpg,1,0,0,0,0,0
bootstrap_enemy_visible_000356.jpg,1,0,0,0,0,0
bootstrap_enemy_visible_000357.jpg,1,0,0,0,0,0
bootstrap_enemy_visible_000358.jpg,1,0,0,0,0,0
bootstrap_enemy_visible_000359.jpg,1,0,0,0,0,0
bootstrap_enemy_visible_000360.jpg,1,0,0,0,0,0
bootstrap_enemy_visible_000361.jpg,1,0,0,0,0,0
bootstrap_enemy_visible_000362.jpg,1,0,0,0,0,0
bootstrap_enemy_visible_000363.jpg,1,0,0,0,0,0
bootstrap_enemy_visible_000364.jpg,1,0,0,0,0,0
bootstrap_enemy_visible_000365.jpg,1,0,0,0,0,0
bootstrap_enemy_visible_000366.jpg,1,0,0,0,0,0
bootstrap_enemy_visible_000367.jpg,1,0,0,0,0,0
bootstrap_enemy_visible_000368.jpg,1,0,0,0,0,0
bootstrap_enemy_visible_000369.jpg,1,0,0,0,0,0
bootstrap_enemy_visible_000370.jpg,1,0,0,0,0,0
bootstrap_enemy_visible_000371.jpg,1,0,0,0,0,0
bootstrap_enemy_visible_000372.jpg,1,0,0,0,0,0
bootstrap_enemy_visible_000373.jpg,1,0,0,0,0,0
bootstrap_enemy_visible_000374.jpg,1,0,0,0,0,0
bootstrap_enemy_visible_000375.jpg,1,0,0,0,0,0
bootstrap_enemy_visible_000376.jpg,1,0,0,0,0,0
bootstrap_enemy_visible_000377.jpg,1,0,0,0,0,0
bootstrap_enemy_visible_000378.jpg,1,0,0,0,0,0
bootstrap_enemy_visible_000379.jpg,1,0,0,0,0,0
bootstrap_enemy_visible_000380.jpg,1,0,0,0,0,0
bootstrap_enemy_visible_000381.jpg,1,0,0,0,0,0
bootstrap_enemy_visible_000382.jpg,1,0,0,0,0,0
bootstrap_enemy_visible_000383.jpg,1,0,0,0,0,0
bootstrap_enemy_visible_000384.jpg,1,0,0,0,0,0
bootstrap_enemy_visible_000385.jpg,1,0,0,0,0,0
bootstrap_enemy_visible_000386.jpg,1,0,0,0,0,0
bootstrap_enemy_visible_000387.jpg,1,0,0,0,0,0
bootstrap_enemy_visible_000388.jpg,1,0,0,0,0,0
bootstrap_enemy_visible_000389.jpg,1,0,0,0,0,0
bootstrap_enemy_visible_000390.jpg,1,0,0,0,0,0
bootstrap_enemy_visible_000391.jpg,1,0,0,0,0,0
bootstrap_enemy_visible_000392.jpg,1,0,0,0,0,0
bootstrap_enemy_visible_000393.jpg,1,0,0,0,0,0
bootstrap_enemy_visible_000394.jpg,1,0,0,0,0,0
bootstrap_enemy_visible_000395.jpg,1,0,0,0,0,0
bootstrap_enemy_visible_000396.jpg,1,0,0,0,0,0
bootstrap_enemy_visible_000397.jpg,1,0,0,0,0,0
bootstrap_enemy_visible_000398.jpg,1,0,0,0,0,0
bootstrap_enemy_visible_000399.jpg,1,0,0,0,0,0
bootstrap_enemy_visible_000400.jpg,1,0,0,0,0,0
bootstrap_enemy_visible_000401.jpg,1,0,0,0,0,0
bootstrap_enemy_visible_000402.jpg,1,0,0,0,0,0
bootstrap_enemy_visible_000403.jpg,1,0,0,0,0,0
bootstrap_enemy_visible_000404.jpg,1,0,0,0,0,0
bootstrap_enemy_visible_000405.jpg,1,0,0,0,0,0
bootstrap_enemy_visible_000406.jpg,1,0,0,0,0,0
bootstrap_enemy_visible_000407.jpg,1,0,0,0,0,0
bootstrap_enemy_visible_000408.jpg,1,0,0,0,0,0
bootstrap_enemy_visible_000409.jpg,1,0,0,0,0,0
bootstrap_enemy_visible_000410.jpg,1,0,0,0,0,0
bootstrap_enemy_visible_000411.jpg,1,0,0,0,0,0
bootstrap_enemy_visible_000412.jpg,1,0,0,0,0,0
bootstrap_enemy_visible_000413.jpg,1,0,0,0,0,0
bootstrap_enemy_visible_000414.jpg,1,0,0,0,0,0
bootstrap_enemy_visible_000415.jpg,1,0,0,0,0,0
bootstrap_enemy_visible_000416.jpg,1,0,0,0,0,0
bootstrap_enemy_visible_000417.jpg,1,0,0,0,0,0
bootstrap_enemy_visible_000418.jpg,1,0,0,0,0,0
bootstrap_enemy_visible_000419.jpg,1,0,0,0,0,0
bootstrap_enemy_visible_000420.jpg,1,0,0,0,0,0
bootstrap_enemy_visible_000421.jpg,1,0,0,0,0,0
bootstrap_enemy_visible_000422.jpg,1,0,0,0,0,0
bootstrap_enemy_visible_000423.jpg,1,0,0,0,0,0
bootstrap_enemy_visible_000424.jpg,1,0,0,0,0,0
bootstrap_enemy_visible_000425.jpg,1,0,0,0,0,0
bootstrap_enemy_visible_000426.jpg,1,0,0,0,0,0
bootstrap_enemy_visible_000427.jpg,1,0,0,0,0,0
bootstrap_enemy_visible_000428.jpg,1,0,0,0,0,0
bootstrap_enemy_visible_000429.jpg,1,0,0,0,0,0
bootstrap_enemy_visible_000430.jpg,1,0,0,0,0,0
bootstrap_enemy_visible_000431.jpg,1,0,0,0,0,0
bootstrap_enemy_visible_000432.jpg,1,0,0,0,0,0
bootstrap_enemy_visible_000433.jpg,1,0,0,0,0,0
bootstrap_enemy_visible_000434.jpg,1,0,0,0,0,0
bootstrap_enemy_visible_000435.jpg,1,0,0,0,0,0
bootstrap_enemy_visible_000436.jpg,1,0,0,0,0,0
bootstrap_enemy_visible_000437.jpg,1,0,0,0,0,0
bootstrap_enemy_visible_000438.jpg,1,0,0,0,0,0
bootstrap_enemy_visible_000439.jpg,1,0,0,0,0,0
bootstrap_enemy_visible_000440.jpg,1,0,0,0,0,0
bootstrap_enemy_visible_000441.jpg,1,0,0,0,0,0
bootstrap_enemy_visible_000442.jpg,1,0,0,0,0,0
bootstrap_enemy_visible_000443.jpg,1,0,0,0,0,0
bootstrap_enemy_visible_000444.jpg,1,0,0,0,0,0
bootstrap_enemy_visible_000445.jpg,1,0,0,0,0,0
bootstrap_enemy_visible_000446.jpg,1,0,0,0,0,0
bootstrap_enemy_visible_000447.jpg,1,0,0,0,0,0
bootstrap_enemy_visible_000448.jpg,1,0,0,0,0,0
bootstrap_enemy_visible_000449.jpg,1,0,0,0,0,0
bootstrap_enemy_visible_000450.jpg,1,0,0,0,0,0
bootstrap_enemy_visible_000451.jpg,1,0,0,0,0,0
bootstrap_enemy_visible_000452.jpg,1,0,0,0,0,0
bootstrap_enemy_visible_000453.jpg,1,0,0,0,0,0
bootstrap_enemy_visible_000454.jpg,1,0,0,0,0,0
bootstrap_enemy_visible_000455.jpg,1,0,0,0,0,0
bootstrap_enemy_visible_000456.jpg,1,0,0,0,0,0
bootstrap_enemy_visible_000457.jpg,1,0,0,0,0,0
bootstrap_enemy_visible_000458.jpg,1,0,0,0,0,0
bootstrap_enemy_visible_000459.jpg,1,0,0,0,0,0
bootstrap_enemy_visible_000460.jpg,1,0,0,0,0,0
bootstrap_enemy_visible_000461.jpg,1,0,0,0,0,0
bootstrap_enemy_visible_000462.jpg,1,0,0,0,0,0
bootstrap_enemy_visible_000463.jpg,1,0,0,0,0,0
bootstrap_enemy_visible_000464.jpg,1,0,0,0,0,0
bootstrap_enemy_visible_000465.jpg,1,0,0,0,0,0
bootstrap_enemy_visible_000466.jpg,1,0,0,0,0,0
bootstrap_enemy_visible_000467.jpg,1,0,0,0,0,0
bootstrap_enemy_visible_000468.jpg,1,0,0,0,0,0
bootstrap_enemy_visible_000469.jpg,1,0,0,0,0,0
bootstrap_enemy_visible_000470.jpg,1,0,0,0,0,0
bootstrap_enemy_visible_000471.jpg,1,0,0,0,0,0
bootstrap_enemy_visible_000472.jpg,1,0,0,0,0,0
bootstrap_enemy_visible_000473.jpg,1,0,0,0,0,0
bootstrap_enemy_visible_000474.jpg,1,0,0,0,0,0
bootstrap_enemy_visible_000475.jpg,1,0,0,0,0,0
bootstrap_enemy_visible_000476.jpg,1,0,0,0,0,0
bootstrap_enemy_visible_000477.jpg,1,0,0,0,0,0
bootstrap_enemy_visible_000478.jpg,1,0,0,0,0,0
bootstrap_enemy_visible_000479.jpg,1,0,0,0,0,0
bootstrap_enemy_visible_000480.jpg,1,0,0,0,0,0
bootstrap_enemy_visible_000481.jpg,1,0,0,0,0,0
bootstrap_enemy_visible_000482.jpg,1,0,0,0,0,0
bootstrap_enemy_visible_000483.jpg,1,0,0,0,0,0
bootstrap_enemy_visible_000484.jpg,1,0,0,0,0,0
bootstrap_enemy_visible_000485.jpg,1,0,0,0,0,0
bootstrap_enemy_visible_000486.jpg,1,0,0,0,0,0
bootstrap_enemy_visible_000487.jpg,1,0,0,0,0,0
bootstrap_enemy_visible_000488.jpg,1,0,0,0,0,0
bootstrap_enemy_visible_000489.jpg,1,0,0,0,0,0
bootstrap_enemy_visible_000490.jpg,1,0,0,0,0,0
bootstrap_enemy_visible_000491.jpg,1,0,0,0,0,0
bootstrap_enemy_visible_000492.jpg,1,0,0,0,0,0
bootstrap_enemy_visible_000493.jpg,1,0,0,0,0,0
bootstrap_enemy_visible_000494.jpg,1,0,0,0,0,0
bootstrap_enemy_visible_000495.jpg,1,0,0,0,0,0
bootstrap_enemy_visible_000496.jpg,1,0,0,0,0,0
bootstrap_enemy_visible_000497.jpg,1,0,0,0,0,0
bootstrap_enemy_visible_000498.jpg,1,0,0,0,0,0
bootstrap_enemy_visible_000499.jpg,1,0,0,0,0,0
bootstrap_enemy_visible_000500.jpg,1,0,0,0,0,0
bootstrap_enemy_visible_000501.jpg,1,0,0,0,0,0
bootstrap_enemy_visible_000502.jpg,1,0,0,0,0,0
bootstrap_enemy_visible_000503.jpg,1,0,0,0,0,0
bootstrap_enemy_visible_000504.jpg,1,0,0,0,0,0
bootstrap_enemy_visible_000505.jpg,1,0,0,0,0,0
bootstrap_enemy_visible_000506.jpg,1,0,0,0,0,0
bootstrap_enemy_visible_000507.jpg,1,0,0,0,0,0
bootstrap_enemy_visible_000508.jpg,1,0,0,0,0,0
bootstrap_enemy_visible_000509.jpg,1,0,0,0,0,0
bootstrap_enemy_visible_000510.jpg,1,0,0,0,0,0
bootstrap_enemy_visible_000511.jpg,1,0,0,0,0,0
bootstrap_enemy_visible_000512.jpg,1,0,0,0,0,0
bootstrap_enemy_visible_000513.jpg,1,0,0,0,0,0
bootstrap_enemy_visible_000514.jpg,1,0,0,0,0,0
bootstrap_enemy_visible_000515.jpg,1,0,0,0,0,0
bootstrap_enemy_visible_000516.jpg,1,0,0,0,0,0
bootstrap_enemy_visible_000517.jpg,1,0,0,0,0,0
bootstrap_enemy_visible_000518.jpg,1,0,0,0,0,0
bootstrap_enemy_visible_000519.jpg,1,0,0,0,0,0
bootstrap_enemy_visible_000520.jpg,1,0,0,0,0,0
bootstrap_enemy_visible_000521.jpg,1,0,0,0,0,0
bootstrap_enemy_visible_000522.jpg,1,0,0,0,0,0
bootstrap_enemy_visible_000523.jpg,1,0,0,0,0,0
bootstrap_enemy_visible_000524.jpg,1,0,0,0,0,0
bootstrap_enemy_visible_000525.jpg,1,0,0,0,0,0
bootstrap_enemy_visible_000526.jpg,1,0,0,0,0,0
bootstrap_enemy_visible_000527.jpg,1,0,0,0,0,0
bootstrap_enemy_visible_000528.jpg,1,0,0,0,0,0
bootstrap_enemy_visible_000529.jpg,1,0,0,0,0,0
bootstrap_enemy_visible_000530.jpg,1,0,0,0,0,0
bootstrap_enemy_visible_000531.jpg,1,0,0,0,0,0
bootstrap_enemy_visible_000532.jpg,1,0,0,0,0,0
bootstrap_enemy_visible_000533.jpg,1,0,0,0,0,0
bootstrap_enemy_visible_000534.jpg,1,0,0,0,0,0
bootstrap_enemy_visible_000535.jpg,1,0,0,0,0,0
bootstrap_enemy_visible_000536.jpg,1,0,0,0,0,0
bootstrap_enemy_visible_000537.jpg,1,0,0,0,0,0
bootstrap_enemy_visible_000538.jpg,1,0,0,0,0,0
bootstrap_enemy_visible_000539.jpg,1,0,0,0,0,0
bootstrap_enemy_visible_000540.jpg,1,0,0,0,0,0
bootstrap_enemy_visible_000541.jpg,1,0,0,0,0,0
bootstrap_enemy_visible_000542.jpg,1,0,0,0,0,0
bootstrap_enemy_visible_000543.jpg,1,0,0,0,0,0
bootstrap_enemy_visible_000544.jpg,1,0,0,0,0,0
bootstrap_enemy_visible_000545.jpg,1,0,0,0,0,0
bootstrap_enemy_visible_000546.jpg,1,0,0,0,0,0
bootstrap_enemy_visible_000547.jpg,1,0,0,0,0,0
bootstrap_enemy_visible_000548.jpg,1,0,0,0,0,0
bootstrap_enemy_visible_000549.jpg,1,0,0,0,0,0
bootstrap_enemy_visible_000550.jpg,1,0,0,0,0,0
bootstrap_enemy_visible_000551.jpg,1,0,0,0,0,0
bootstrap_enemy_visible_000552.jpg,1,0,0,0,0,0
bootstrap_enemy_visible_000553.jpg,1,0,0,0,0,0
bootstrap_enemy_visible_000554.jpg,1,0,0,0,0,0
bootstrap_enemy_visible_000555.jpg,1,0,0,0,0,0
bootstrap_enemy_visible_000556.jpg,1,0,0,0,0,0
bootstrap_enemy_visible_000557.jpg,1,0,0,0,0,0
bootstrap_enemy_visible_000558.jpg,1,0,0,0,0,0
bootstrap_enemy_visible_000559.jpg,1,0,0,0,0,0
bootstrap_enemy_visible_000560.jpg,1,0,0,0,0,0
bootstrap_enemy_visible_000561.jpg,1,0,0,0,0,0
bootstrap_enemy_visible_000562.jpg,1,0,0,0,0,0
bootstrap_enemy_visible_000563.jpg,1,0,0,0,0,0
bootstrap_enemy_visible_000564.jpg,1,0,0,0,0,0
bootstrap_enemy_visible_000565.jpg,1,0,0,0,0,0
bootstrap_enemy_visible_000566.jpg,1,0,0,0,0,0
bootstrap_enemy_visible_000567.jpg,1,0,0,0,0,0
bootstrap_enemy_visible_000568.jpg,1,0,0,0,0,0
bootstrap_enemy_visible_000569.jpg,1,0,0,0,0,0
bootstrap_enemy_visible_000570.jpg,1,0,0,0,0,0
bootstrap_enemy_visible_000571.jpg,1,0,0,0,0,0
bootstrap_enemy_visible_000572.jpg,1,0,0,0,0,0
bootstrap_enemy_visible_000573.jpg,1,0,0,0,0,0
bootstrap_enemy_visible_000574.jpg,1,0,0,0,0,0
bootstrap_enemy_visible_000575.jpg,1,0,0,0,0,0
bootstrap_enemy_visible_000576.jpg,1,0,0,0,0,0
bootstrap_enemy_visible_000577.jpg,1,0,0,0,0,0
bootstrap_enemy_visible_000578.jpg,1,0,0,0,0,0
bootstrap_enemy_visible_000579.jpg,1,0,0,0,0,0
bootstrap_enemy_visible_000580.jpg,1,0,0,0,0,0
bootstrap_enemy_visible_000581.jpg,1,0,0,0,0,0
bootstrap_enemy_visible_000582.jpg,1,0,0,0,0,0
bootstrap_enemy_visible_000583.jpg,1,0,0,0,0,0
bootstrap_enemy_visible_000584.jpg,1,0,0,0,0,0
bootstrap_enemy_visible_000585.jpg,1,0,0,0,0,0
bootstrap_enemy_visible_000586.jpg,1,0,0,0,0,0
bootstrap_enemy_visible_000587.jpg,1,0,0,0,0,0
bootstrap_enemy_visible_000588.jpg,1,0,0,0,0,0
bootstrap_enemy_visible_000589.jpg,1,0,0,0,0,0
bootstrap_enemy_visible_000590.jpg,1,0,0,0,0,0
bootstrap_enemy_visible_000591.jpg,1,0,0,0,0,0
bootstrap_enemy_visible_000592.jpg,1,0,0,0,0,0
bootstrap_enemy_visible_000593.jpg,1,0,0,0,0,0
bootstrap_enemy_visible_000594.jpg,1,0,0,0,0,0
bootstrap_enemy_visible_000595.jpg,1,0,0,0,0,0
bootstrap_enemy_visible_000596.jpg,1,0,0,0,0,0
bootstrap_enemy_visible_000597.jpg,1,0,0,0,0,0
bootstrap_enemy_visible_000598.jpg,1,0,0,0,0,0
bootstrap_enemy_visible_000599.jpg,1,0,0,0,0,0
bootstrap_enemy_visible_000600.jpg,1,0,0,0,0,0
bootstrap_enemy_visible_000601.jpg,1,0,0,0,0,0
bootstrap_enemy_visible_000602.jpg,1,0,0,0,0,0
bootstrap_enemy_visible_000603.jpg,1,0,0,0,0,0
bootstrap_enemy_visible_000604.jpg,1,0,0,0,0,0
bootstrap_enemy_visible_000605.jpg,1,0,0,0,0,0
bootstrap_enemy_visible_000606.jpg,1,0,0,0,0,0
bootstrap_enemy_visible_000607.jpg,1,0,0,0,0,0
bootstrap_enemy_visible_000608.jpg,1,0,0,0,0,0
bootstrap_enemy_visible_000609.jpg,1,0,0,0,0,0
bootstrap_enemy_visible_000610.jpg,1,0,0,0,0,0
bootstrap_enemy_visible_000611.jpg,1,0,0,0,0,0
bootstrap_enemy_visible_000612.jpg,1,0,0,0,0,0
bootstrap_enemy_visible_000613.jpg,1,0,0,0,0,0
bootstrap_enemy_visible_000614.jpg,1,0,0,0,0,0
bootstrap_enemy_visible_000615.jpg,1,0,0,0,0,0
bootstrap_enemy_visible_000616.jpg,1,0,0,0,0,0
bootstrap_enemy_visible_000617.jpg,1,0,0,0,0,0
bootstrap_enemy_visible_000618.jpg,1,0,0,0,0,0
bootstrap_enemy_visible_000619.jpg,1,0,0,0,0,0
bootstrap_enemy_visible_000620.jpg,1,0,0,0,0,0
bootstrap_enemy_visible_000621.jpg,1,0,0,0,0,0
bootstrap_enemy_visible_000622.jpg,1,0,0,0,0,0
bootstrap_enemy_visible_000623.jpg,1,0,0,0,0,0
bootstrap_enemy_visible_000624.jpg,1,0,0,0,0,0
bootstrap_enemy_visible_000625.jpg,1,0,0,0,0,0
bootstrap_enemy_visible_000626.jpg,1,0,0,0,0,0
bootstrap_enemy_visible_000627.jpg,1,0,0,0,0,0
bootstrap_enemy_visible_000628.jpg,1,0,0,0,0,0
bootstrap_enemy_visible_000629.jpg,1,0,0,0,0,0
bootstrap_enemy_visible_000630.jpg,1,0,0,0,0,0
bootstrap_enemy_visible_000631.jpg,1,0,0,0,0,0
bootstrap_enemy_visible_000632.jpg,1,0,0,0,0,0
bootstrap_enemy_visible_000633.jpg,1,0,0,0,0,0
bootstrap_enemy_visible_000634.jpg,1,0,0,0,0,0
bootstrap_enemy_visible_000635.jpg,1,0,0,0,0,0
bootstrap_enemy_visible_000636.jpg,1,0,0,0,0,0
bootstrap_enemy_visible_000637.jpg,1,0,0,0,0,0
bootstrap_enemy_visible_000638.jpg,1,0,0,0,0,0
bootstrap_enemy_visible_000639.jpg,1,0,0,0,0,0
bootstrap_enemy_visible_000640.jpg,1,0,0,0,0,0
bootstrap_enemy_visible_000641.jpg,1,0,0,0,0,0
bootstrap_enemy_visible_000642.jpg,1,0,0,0,0,0
bootstrap_enemy_visible_000643.jpg,1,0,0,0,0,0
bootstrap_enemy_visible_000644.jpg,1,0,0,0,0,0
bootstrap_enemy_visible_000645.jpg,1,0,0,0,0,0
bootstrap_enemy_visible_000646.jpg,1,0,0,0,0,0
bootstrap_enemy_visible_000647.jpg,1,0,0,0,0,0
bootstrap_enemy_visible_000648.jpg,1,0,0,0,0,0
bootstrap_enemy_visible_000649.jpg,1,0,0,0,0,0
bootstrap_enemy_visible_000650.jpg,1,0,0,0,0,0
bootstrap_enemy_visible_000651.jpg,1,0,0,0,0,0
bootstrap_enemy_visible_000652.jpg,1,0,0,0,0,0
bootstrap_enemy_visible_000653.jpg,1,0,0,0,0,0
bootstrap_enemy_visible_000654.jpg,1,0,0,0,0,0
bootstrap_enemy_visible_000655.jpg,1,0,0,0,0,0
bootstrap_enemy_visible_000656.jpg,1,0,0,0,0,0
bootstrap_enemy_visible_000657.jpg,1,0,0,0,0,0
bootstrap_enemy_visible_000658.jpg,1,0,0,0,0,0
bootstrap_enemy_visible_000659.jpg,1,0,0,0,0,0
bootstrap_enemy_visible_000660.jpg,1,0,0,0,0,0
bootstrap_enemy_visible_000661.jpg,1,0,0,0,0,0
bootstrap_enemy_visible_000662.jpg,1,0,0,0,0,0
bootstrap_enemy_visible_000663.jpg,1,0,0,0,0,0
bootstrap_enemy_visible_000664.jpg,1,0,0,0,0,0
bootstrap_enemy_visible_000665.jpg,1,0,0,0,0,0
bootstrap_enemy_visible_000666.jpg,1,0,0,0,0,0
bootstrap_enemy_visible_000667.jpg,1,0,0,0,0,0
bootstrap_enemy_visible_000668.jpg,1,0,0,0,0,0
bootstrap_enemy_visible_000669.jpg,1,0,0,0,0,0
bootstrap_enemy_visible_000670.jpg,1,0,0,0,0,0
bootstrap_enemy_visible_000671.jpg,1,0,0,0,0,0
bootstrap_enemy_visible_000672.jpg,1,0,0,0,0,0
bootstrap_enemy_visible_000673.jpg,1,0,0,0,0,0
bootstrap_enemy_visible_000674.jpg,1,0,0,0,0,0
bootstrap_enemy_visible_000675.jpg,1,0,0,0,0,0
bootstrap_enemy_visible_000676.jpg,1,0,0,0,0,0
bootstrap_enemy_visible_000677.jpg,1,0,0,0,0,0
bootstrap_enemy_visible_000678.jpg,1,0,0,0,0,0
bootstrap_enemy_visible_000679.jpg,1,0,0,0,0,0
bootstrap_enemy_visible_000680.jpg,1,0,0,0,0,0
bootstrap_enemy_visible_000681.jpg,1,0,0,0,0,0
bootstrap_enemy_visible_000682.jpg,1,0,0,0,0,0
bootstrap_enemy_visible_000683.jpg,1,0,0,0,0,0
bootstrap_enemy_visible_000684.jpg,1,0,0,0,0,0
bootstrap_enemy_visible_000685.jpg,1,0,0,0,0,0
bootstrap_enemy_visible_000686.jpg,1,0,0,0,0,0
bootstrap_enemy_visible_000687.jpg,1,0,0,0,0,0
bootstrap_enemy_visible_000688.jpg,1,0,0,0,0,0
bootstrap_enemy_visible_000689.jpg,1,0,0,0,0,0
bootstrap_enemy_visible_000690.jpg,1,0,0,0,0,0
bootstrap_enemy_visible_000691.jpg,1,0,0,0,0,0
bootstrap_enemy_visible_000692.jpg,1,0,0,0,0,0
bootstrap_enemy_visible_000693.jpg,1,0,0,0,0,0
bootstrap_enemy_visible_000694.jpg,1,0,0,0,0,0
bootstrap_enemy_visible_000695.jpg,1,0,0,0,0,0
bootstrap_enemy_visible_000696.jpg,1,0,0,0,0,0
bootstrap_enemy_visible_000697.jpg,1,0,0,0,0,0
bootstrap_enemy_visible_000698.jpg,1,0,0,0,0,0
bootstrap_enemy_visible_000699.jpg,1,0,0,0,0,0
bootstrap_enemy_visible_000700.jpg,1,0,0,0,0,0
bootstrap_enemy_visible_000701.jpg,1,0,0,0,0,0
bootstrap_enemy_visible_000702.jpg,1,0,0,0,0,0
bootstrap_enemy_visible_000703.jpg,1,0,0,0,0,0
bootstrap_enemy_visible_000704.jpg,1,0,0,0,0,0
bootstrap_enemy_visible_000705.jpg,1,0,0,0,0,0
bootstrap_enemy_visible_000706.jpg,1,0,0,0,0,0
bootstrap_enemy_visible_000707.jpg,1,0,0,0,0,0
bootstrap_enemy_visible_000708.jpg,1,0,0,0,0,0
bootstrap_enemy_visible_000709.jpg,1,0,0,0,0,0
bootstrap_enemy_visible_000710.jpg,1,0,0,0,0,0
bootstrap_enemy_visible_000711.jpg,1,0,0,0,0,0
bootstrap_enemy_visible_000712.jpg,1,0,0,0,0,0
bootstrap_enemy_visible_000713.jpg,1,0,0,0,0,0
bootstrap_enemy_visible_000714.jpg,1,0,0,0,0,0
bootstrap_enemy_visible_000715.jpg,1,0,0,0,0,0
bootstrap_enemy_visible_000716.jpg,1,0,0,0,0,0
bootstrap_enemy_visible_000717.jpg,1,0,0,0,0,0
bootstrap_enemy_visible_000718.jpg,1,0,0,0,0,0
bootstrap_enemy_visible_000719.jpg,1,0,0,0,0,0
bootstrap_enemy_visible_000720.jpg,1,0,0,0,0,0
bootstrap_enemy_visible_000721.jpg,1,0,0,0,0,0
bootstrap_enemy_visible_000722.jpg,1,0,0,0,0,0
bootstrap_enemy_visible_000723.jpg,1,0,0,0,0,0
bootstrap_enemy_visible_000724.jpg,1,0,0,0,0,0
bootstrap_enemy_visible_000725.jpg,1,0,0,0,0,0
bootstrap_enemy_visible_000726.jpg,1,0,0,0,0,0
bootstrap_enemy_visible_000727.jpg,1,0,0,0,0,0
bootstrap_enemy_visible_000728.jpg,1,0,0,0,0,0
bootstrap_enemy_visible_000729.jpg,1,0,0,0,0,0
bootstrap_enemy_visible_000730.jpg,1,0,0,0,0,0
bootstrap_enemy_visible_000731.jpg,1,0,0,0,0,0
bootstrap_enemy_visible_000732.jpg,1,0,0,0,0,0
bootstrap_enemy_visible_000733.jpg,1,0,0,0,0,0
bootstrap_enemy_visible_000734.jpg,1,0,0,0,0,0
bootstrap_enemy_visible_000735.jpg,1,0,0,0,0,0
bootstrap_enemy_visible_000736.jpg,1,0,0,0,0,0
bootstrap_enemy_visible_000737.jpg,1,0,0,0,0,0
bootstrap_enemy_visible_000738.jpg,1,0,0,0,0,0
bootstrap_enemy_visible_000739.jpg,1,0,0,0,0,0
bootstrap_enemy_visible_000740.jpg,1,0,0,0,0,0
bootstrap_enemy_visible_000741.jpg,1,0,0,0,0,0
bootstrap_enemy_visible_000742.jpg,1,0,0,0,0,0
bootstrap_enemy_visible_000743.jpg,1,0,0,0,0,0
bootstrap_enemy_visible_000744.jpg,1,0,0,0,0,0
bootstrap_enemy_visible_000745.jpg,1,0,0,0,0,0
bootstrap_enemy_visible_000746.jpg,1,0,0,0,0,0
bootstrap_enemy_visible_000747.jpg,1,0,0,0,0,0
bootstrap_enemy_visible_000748.jpg,1,0,0,0,0,0
bootstrap_enemy_visible_000749.jpg,1,0,0,0,0,0
bootstrap_enemy_visible_000750.jpg,1,0,0,0,0,0
bootstrap_enemy_visible_000751.jpg,1,0,0,0,0,0
bootstrap_enemy_visible_000752.jpg,1,0,0,0,0,0
bootstrap_enemy_visible_000753.jpg,1,0,0,0,0,0
bootstrap_enemy_visible_000754.jpg,1,0,0,0,0,0
bootstrap_enemy_visible_000755.jpg,1,0,0,0,0,0
bootstrap_enemy_visible_000756.jpg,1,0,0,0,0,0
bootstrap_enemy_visible_000757.jpg,1,0,0,0,0,0
bootstrap_enemy_visible_000758.jpg,1,0,0,0,0,0
bootstrap_enemy_visible_000759.jpg,1,0,0,0,0,0
bootstrap_enemy_visible_000760.jpg,1,0,0,0,0,0
bootstrap_enemy_visible_000761.jpg,1,0,0,0,0,0
bootstrap_enemy_visible_000762.jpg,1,0,0,0,0,0
bootstrap_enemy_visible_000763.jpg,1,0,0,0,0,0
bootstrap_enemy_visible_000764.jpg,1,0,0,0,0,0
bootstrap_enemy_visible_000765.jpg,1,0,0,0,0,0
bootstrap_enemy_visible_000766.jpg,1,0,0,0,0,0
bootstrap_enemy_visible_000767.jpg,1,0,0,0,0,0
bootstrap_enemy_visible_000768.jpg,1,0,0,0,0,0
bootstrap_enemy_visible_000769.jpg,1,0,0,0,0,0
bootstrap_enemy_visible_000770.jpg,1,0,0,0,0,0
bootstrap_enemy_visible_000771.jpg,1,0,0,0,0,0
bootstrap_enemy_visible_000772.jpg,1,0,0,0,0,0
bootstrap_enemy_visible_000773.jpg,1,0,0,0,0,0
bootstrap_enemy_visible_000774.jpg,1,0,0,0,0,0
bootstrap_enemy_visible_000775.jpg,1,0,0,0,0,0
bootstrap_enemy_visible_000776.jpg,1,0,0,0,0,0
bootstrap_enemy_visible_000777.jpg,1,0,0,0,0,0
bootstrap_enemy_visible_000778.jpg,1,0,0,0,0,0
bootstrap_enemy_visible_000779.jpg,1,0,0,0,0,0
bootstrap_enemy_visible_000780.jpg,1,0,0,0,0,0
bootstrap_enemy_visible_000781.jpg,1,0,0,0,0,0
bootstrap_enemy_visible_000782.jpg,1,0,0,0,0,0
bootstrap_enemy_visible_000783.jpg,1,0,0,0,0,0
bootstrap_enemy_visible_000784.jpg,1,0,0,0,0,0
bootstrap_enemy_visible_000785.jpg,1,0,0,0,0,0
bootstrap_enemy_visible_000786.jpg,1,0,0,0,0,0
bootstrap_enemy_visible_000787.jpg,1,0,0,0,0,0
bootstrap_enemy_visible_000788.jpg,1,0,0,0,0,0
bootstrap_enemy_visible_000789.jpg,1,0,0,0,0,0
bootstrap_enemy_visible_000790.jpg,1,0,0,0,0,0
bootstrap_enemy_visible_000791.jpg,1,0,0,0,0,0
bootstrap_enemy_visible_000792.jpg,1,0,0,0,0,0
bootstrap_enemy_visible_000793.jpg,1,0,0,0,0,0
bootstrap_enemy_visible_000794.jpg,1,0,0,0,0,0
bootstrap_enemy_visible_000795.jpg,1,0,0,0,0,0
bootstrap_enemy_visible_000796.jpg,1,0,0,0,0,0
bootstrap_enemy_visible_000797.jpg,1,0,0,0,0,0
bootstrap_enemy_visible_000798.jpg,1,0,0,0,0,0
bootstrap_enemy_visible_000799.jpg,1,0,0,0,0,0
bootstrap_explosive_barrel_000000.jpg,0,0,0,0,1,0
bootstrap_explosive_barrel_000001.jpg,0,0,0,0,1,0
bootstrap_explosive_barrel_000002.jpg,0,0,0,0,1,0
bootstrap_explosive_barrel_000003.jpg,0,0,0,0,1,0
bootstrap_explosive_barrel_000004.jpg,0,0,0,0,1,0
bootstrap_explosive_barrel_000005.jpg,0,0,0,0,1,0
bootstrap_explosive_barrel_000006.jpg,0,0,0,0,1,0
bootstrap_explosive_barrel_000007.jpg,0,0,0,0,1,0
bootstrap_explosive_barrel_000008.jpg,0,0,0,0,1,0
bootstrap_explosive_barrel_000009.jpg,0,0,0,0,1,0
bootstrap_explosive_barrel_000010.jpg,0,0,0,0,1,0
bootstrap_explosive_barrel_000011.jpg,0,0,0,0,1,0
bootstrap_explosive_barrel_000012.jpg,0,0,0,0,1,0
bootstrap_explosive_barrel_000013.jpg,0,0,0,0,1,0
bootstrap_explosive_barrel_000014.jpg,0,0,0,0,1,0
bootstrap_explosive_barrel_000015.jpg,0,0,0,0,1,0
bootstrap_explosive_barrel_000016.jpg,0,0,0,0,1,0
bootstrap_explosive_barrel_000017.jpg,0,0,0,0,1,0
bootstrap_explosive_barrel_000018.jpg,0,0,0,0,1,0
bootstrap_explosive_barrel_000019.jpg,0,0,0,0,1,0
bootstrap_explosive_barrel_000020.jpg,0,0,0,0,1,0
bootstrap_explosive_barrel_000021.jpg,0,0,0,0,1,0
bootstrap_explosive_barrel_000022.jpg,0,0,0,0,1,0
bootstrap_explosive_barrel_000023.jpg,0,0,0,0,1,0
bootstrap_explosive_barrel_000024.jpg,0,0,0,0,1,0
bootstrap_explosive_barrel_000025.jpg,0,0,0,0,1,0
bootstrap_explosive_barrel_000026.jpg,0,0,0,0,1,0
bootstrap_explosive_barrel_000027.jpg,0,0,0,0,1,0
bootstrap_explosive_barrel_000028.jpg,0,0,0,0,1,0
bootstrap_explosive_barrel_000029.jpg,0,0,0,0,1,0
bootstrap_explosive_barrel_000030.jpg,0,0,0,0,1,0
bootstrap_explosive_barrel_000031.jpg,0,0,0,0,1,0
bootstrap_explosive_barrel_000032.jpg,0,0,0,0,1,0
bootstrap_explosive_barrel_000033.jpg,0,0,0,0,1,0
bootstrap_explosive_barrel_000034.jpg,0,0,0,0,1,0
bootstrap_explosive_barrel_000035.jpg,0,0,0,0,1,0
bootstrap_explosive_barrel_000036.jpg,0,0,0,0,1,0
bootstrap_explosive_barrel_000037.jpg,0,0,0,0,1,0
bootstrap_explosive_barrel_000038.jpg,0,0,0,0,1,0
bootstrap_explosive_barrel_000039.jpg,0,0,0,0,1,0
bootstrap_explosive_barrel_000040.jpg,0,0,0,0,1,0
bootstrap_explosive_barrel_000041.jpg,0,0,0,0,1,0
bootstrap_explosive_barrel_000042.jpg,0,0,0,0,1,0
bootstrap_explosive_barrel_000043.jpg,0,0,0,0,1,0
bootstrap_explosive_barrel_000044.jpg,0,0,0,0,1,0
bootstrap_explosive_barrel_000045.jpg,0,0,0,0,1,0
bootstrap_explosive_barrel_000046.jpg,0,0,0,0,1,0
bootstrap_explosive_barrel_000047.jpg,0,0,0,0,1,0
bootstrap_explosive_barrel_000048.jpg,0,0,0,0,1,0
bootstrap_explosive_barrel_000049.jpg,0,0,0,0,1,0
bootstrap_enemy_visible_000800.jpg,1,0,0,0,0,0
bootstrap_enemy_visible_000801.jpg,1,0,0,0,0,0
bootstrap_enemy_visible_000802.jpg,1,0,0,0,0,0
bootstrap_enemy_visible_000803.jpg,1,0,0,0,0,0
bootstrap_enemy_visible_000804.jpg,1,0,0,0,0,0
bootstrap_enemy_visible_000805.jpg,1,0,0,0,0,0
bootstrap_enemy_visible_000806.jpg,1,0,0,0,0,0
bootstrap_enemy_visible_000807.jpg,1,0,0,0,0,0
bootstrap_enemy_visible_000808.jpg,1,0,0,0,0,0
bootstrap_enemy_visible_000809.jpg,1,0,0,0,0,0
bootstrap_enemy_visible_000810.jpg,1,0,0,0,0,0
bootstrap_enemy_visible_000811.jpg,1,0,0,0,0,0
bootstrap_enemy_visible_000812.jpg,1,0,0,0,0,0
bootstrap_enemy_visible_000813.jpg,1,0,0,0,0,0
bootstrap_enemy_visible_000814.jpg,1,0,0,0,0,0
bootstrap_enemy_visible_000815.jpg,1,0,0,0,0,0
bootstrap_enemy_visible_000816.jpg,1,0,0,0,0,0
bootstrap_enemy_visible_000817.jpg,1,0,0,0,0,0
bootstrap_enemy_visible_000818.jpg,1,0,0,0,0,0
bootstrap_enemy_visible_000819.jpg,1,0,0,0,0,0
bootstrap_enemy_visible_000820.jpg,1,0,0,0,0,0
bootstrap_enemy_visible_000821.jpg,1,0,0,0,0,0
bootstrap_enemy_visible_000822.jpg,1,0,0,0,0,0
bootstrap_enemy_visible_000823.jpg,1,0,0,0,0,0
bootstrap_enemy_visible_000824.jpg,1,0,0,0,0,0
bootstrap_enemy_visible_000825.jpg,1,0,0,0,0,0
bootstrap_enemy_visible_000826.jpg,1,0,0,0,0,0
bootstrap_enemy_visible_000827.jpg,1,0,0,0,0,0
bootstrap_enemy_visible_000828.jpg,1,0,0,0,0,0
bootstrap_enemy_visible_000829.jpg,1,0,0,0,0,0
bootstrap_enemy_visible_000830.jpg,1,0,0,0,0,0
bootstrap_enemy_visible_000831.jpg,1,0,0,0,0,0
bootstrap_enemy_visible_000832.jpg,1,0,0,0,0,0
bootstrap_enemy_visible_000833.jpg,1,0,0,0,0,0
bootstrap_enemy_visible_000834.jpg,1,0,0,0,0,0
bootstrap_enemy_visible_000835.jpg,1,0,0,0,0,0
bootstrap_enemy_visible_000836.jpg,1,0,0,0,0,0
bootstrap_enemy_visible_000837.jpg,1,0,0,0,0,0
bootstrap_enemy_visible_000838.jpg,1,0,0,0,0,0
bootstrap_enemy_visible_000839.jpg,1,0,0,0,0,0
bootstrap_enemy_visible_000840.jpg,1,0,0,0,0,0
bootstrap_enemy_visible_000841.jpg,1,0,0,0,0,0
bootstrap_enemy_visible_000842.jpg,1,0,0,0,0,0
bootstrap_enemy_visible_000843.jpg,1,0,0,0,0,0
bootstrap_enemy_visible_000844.jpg,1,0,0,0,0,0
bootstrap_enemy_visible_000845.jpg,1,0,0,0,0,0
bootstrap_enemy_visible_000846.jpg,1,0,0,0,0,0
bootstrap_enemy_visible_000847.jpg,1,0,0,0,0,0
bootstrap_enemy_visible_000848.jpg,1,0,0,0,0,0
bootstrap_enemy_visible_000849.jpg,1,0,0,0,0,0
bootstrap_enemy_visible_000850.jpg,1,0,0,0,0,0
bootstrap_enemy_visible_000851.jpg,1,0,0,0,0,0
bootstrap_enemy_visible_000852.jpg,1,0,0,0,0,0
bootstrap_enemy_visible_000853.jpg,1,0,0,0,0,0
bootstrap_enemy_visible_000854.jpg,1,0,0,0,0,0
bootstrap_enemy_visible_000855.jpg,1,0,0,0,0,0
bootstrap_enemy_visible_000856.jpg,1,0,0,0,0,0
bootstrap_enemy_visible_000857.jpg,1,0,0,0,0,0
bootstrap_enemy_visible_000858.jpg,1,0,0,0,0,0
bootstrap_enemy_visible_000859.jpg,1,0,0,0,0,0
bootstrap_enemy_visible_000860.jpg,1,0,0,0,0,0
bootstrap_enemy_visible_000861.jpg,1,0,0,0,0,0
bootstrap_enemy_visible_000862.jpg,1,0,0,0,0,0
bootstrap_enemy_visible_000863.jpg,1,0,0,0,0,0
bootstrap_enemy_visible_000864.jpg,1,0,0,0,0,0
bootstrap_enemy_visible_000865.jpg,1,0,0,0,0,0
bootstrap_enemy_visible_000866.jpg,1,0,0,0,0,0
bootstrap_enemy_visible_000867.jpg,1,0,0,0,0,0
bootstrap_enemy_visible_000868.jpg,1,0,0,0,0,0
bootstrap_enemy_visible_000869.jpg,1,0,0,0,0,0
bootstrap_enemy_visible_000870.jpg,1,0,0,0,0,0
bootstrap_enemy_visible_000871.jpg,1,0,0,0,0,0
bootstrap_enemy_visible_000872.jpg,1,0,0,0,0,0
bootstrap_enemy_visible_000873.jpg,1,0,0,0,0,0
bootstrap_enemy_visible_000874.jpg,1,0,0,0,0,0
bootstrap_enemy_visible_000875.jpg,1,0,0,0,0,0
bootstrap_enemy_visible_000876.jpg,1,0,0,0,0,0
bootstrap_enemy_visible_000877.jpg,1,0,0,0,0,0
bootstrap_enemy_visible_000878.jpg,1,0,0,0,0,0
bootstrap_enemy_visible_000879.jpg,1,0,0,0,0,0
bootstrap_enemy_visible_000880.jpg,1,0,0,0,0,0
bootstrap_enemy_visible_000881.jpg,1,0,0,0,0,0
bootstrap_enemy_visible_000882.jpg,1,0,0,0,0,0
bootstrap_enemy_visible_000883.jpg,1,0,0,0,0,0
bootstrap_enemy_visible_000884.jpg,1,0,0,0,0,0
bootstrap_enemy_visible_000885.jpg,1,0,0,0,0,0
bootstrap_enemy_visible_000886.jpg,1,0,0,0,0,0
bootstrap_enemy_visible_000887.jpg,1,0,0,0,0,0
bootstrap_enemy_visible_000888.jpg,1,0,0,0,0,0
bootstrap_enemy_visible_000889.jpg,1,0,0,0,0,0
bootstrap_enemy_visible_000890.jpg,1,0,0,0,0,0
bootstrap_enemy_visible_000891.jpg,1,0,0,0,0,0
bootstrap_enemy_visible_000892.jpg,1,0,0,0,0,0
bootstrap_enemy_visible_000893.jpg,1,0,0,0,0,0
bootstrap_enemy_visible_000894.jpg,1,0,0,0,0,0
bootstrap_enemy_visible_000895.jpg,1,0,0,0,0,0
bootstrap_enemy_visible_000896.jpg,1,0,0,0,0,0
bootstrap_enemy_visible_000897.jpg,1,0,0,0,0,0
bootstrap_enemy_visible_000898.jpg,1,0,0,0,0,0
bootstrap_enemy_visible_000899.jpg,1,0,0,0,0,0
bootstrap_enemy_visible_000900.jpg,1,0,0,0,0,0
bootstrap_enemy_visible_000901.jpg,1,0,0,0,0,0
bootstrap_enemy_visible_000902.jpg,1,0,0,0,0,0
bootstrap_enemy_visible_000903.jpg,1,0,0,0,0,0
bootstrap_enemy_visible_000904.jpg,1,0,0,0,0,0
bootstrap_enemy_visible_000905.jpg,1,0,0,0,0,0
bootstrap_enemy_visible_000906.jpg,1,0,0,0,0,0
bootstrap_enemy_visible_000907.jpg,1,0,0,0,0,0
bootstrap_enemy_visible_000908.jpg,1,0,0,0,0,0
bootstrap_enemy_visible_000909.jpg,1,0,0,0,0,0
bootstrap_enemy_visible_000910.jpg,1,0,0,0,0,0
bootstrap_enemy_visible_000911.jpg,1,0,0,0,0,0
bootstrap_enemy_visible_000912.jpg,1,0,0,0,0,0
bootstrap_enemy_visible_000913.jpg,1,0,0,0,0,0
bootstrap_enemy_visible_000914.jpg,1,0,0,0,0,0
bootstrap_enemy_visible_000915.jpg,1,0,0,0,0,0
bootstrap_enemy_visible_000916.jpg,1,0,0,0,0,0
bootstrap_enemy_visible_000917.jpg,1,0,0,0,0,0
bootstrap_enemy_visible_000918.jpg,1,0,0,0,0,0
bootstrap_enemy_visible_000919.jpg,1,0,0,0,0,0
bootstrap_enemy_visible_000920.jpg,1,0,0,0,0,0
bootstrap_enemy_visible_000921.jpg,1,0,0,0,0,0
bootstrap_enemy_visible_000922.jpg,1,0,0,0,0,0
bootstrap_enemy_visible_000923.jpg,1,0,0,0,0,0
bootstrap_enemy_visible_000924.jpg,1,0,0,0,0,0
bootstrap_enemy_visible_000925.jpg,1,0,0,0,0,0
bootstrap_enemy_visible_000926.jpg,1,0,0,0,0,0
bootstrap_enemy_visible_000927.jpg,1,0,0,0,0,0
bootstrap_enemy_visible_000928.jpg,1,0,0,0,0,0
bootstrap_enemy_visible_000929.jpg,1,0,0,0,0,0
bootstrap_enemy_visible_000930.jpg,1,0,0,0,0,0
bootstrap_enemy_visible_000931.jpg,1,0,0,0,0,0
bootstrap_enemy_visible_000932.jpg,1,0,0,0,0,0
bootstrap_enemy_visible_000933.jpg,1,0,0,0,0,0
bootstrap_enemy_visible_000934.jpg,1,0,0,0,0,0
bootstrap_enemy_visible_000935.jpg,1,0,0,0,0,0
bootstrap_enemy_visible_000936.jpg,1,0,0,0,0,0
bootstrap_enemy_visible_000937.jpg,1,0,0,0,0,0
bootstrap_enemy_visible_000938.jpg,1,0,0,0,0,0
bootstrap_enemy_visible_000939.jpg,1,0,0,0,0,0
bootstrap_enemy_visible_000940.jpg,1,0,0,0,0,0
bootstrap_enemy_visible_000941.jpg,1,0,0,0,0,0
bootstrap_enemy_visible_000942.jpg,1,0,0,0,0,0
bootstrap_enemy_visible_000943.jpg,1,0,0,0,0,0
bootstrap_enemy_visible_000944.jpg,1,0,0,0,0,0
bootstrap_enemy_visible_000945.jpg,1,0,0,0,0,0
bootstrap_enemy_visible_000946.jpg,1,0,0,0,0,0
bootstrap_enemy_visible_000947.jpg,1,0,0,0,0,0
bootstrap_enemy_visible_000948.jpg,1,0,0,0,0,0
bootstrap_enemy_visible_000949.jpg,1,0,0,0,0,0
bootstrap_enemy_visible_000950.jpg,1,0,0,0,0,0
bootstrap_enemy_visible_000951.jpg,1,0,0,0,0,0
bootstrap_enemy_visible_000952.jpg,1,0,0,0,0,0
bootstrap_enemy_visible_000953.jpg,1,0,0,0,0,0
bootstrap_enemy_visible_000954.jpg,1,0,0,0,0,0
bootstrap_enemy_visible_000955.jpg,1,0,0,0,0,0
bootstrap_enemy_visible_000956.jpg,1,0,0,0,0,0
bootstrap_enemy_visible_000957.jpg,1,0,0,0,0,0
bootstrap_enemy_visible_000958.jpg,1,0,0,0,0,0
bootstrap_enemy_visible_000959.jpg,1,0,0,0,0,0
bootstrap_enemy_visible_000960.jpg,1,0,0,0,0,0
bootstrap_enemy_visible_000961.jpg,1,0,0,0,0,0
bootstrap_enemy_visible_000962.jpg,1,0,0,0,0,0
bootstrap_enemy_visible_000963.jpg,1,0,0,0,0,0
bootstrap_enemy_visible_000964.jpg,1,0,0,0,0,0
bootstrap_enemy_visible_000965.jpg,1,0,0,0,0,0
bootstrap_enemy_visible_000966.jpg,1,0,0,0,0,0
bootstrap_enemy_visible_000967.jpg,1,0,0,0,0,0
bootstrap_enemy_visible_000968.jpg,1,0,0,0,0,0
bootstrap_enemy_visible_000969.jpg,1,0,0,0,0,0
bootstrap_enemy_visible_000970.jpg,1,0,0,0,0,0
bootstrap_enemy_visible_000971.jpg,1,0,0,0,0,0
bootstrap_enemy_visible_000972.jpg,1,0,0,0,0,0
bootstrap_enemy_visible_000973.jpg,1,0,0,0,0,0
bootstrap_enemy_visible_000974.jpg,1,0,0,0,0,0
bootstrap_enemy_visible_000975.jpg,1,0,0,0,0,0
bootstrap_enemy_visible_000976.jpg,1,0,0,0,0,0
bootstrap_enemy_visible_000977.jpg,1,0,0,0,0,0
bootstrap_enemy_visible_000978.jpg,1,0,0,0,0,0
bootstrap_enemy_visible_000979.jpg,1,0,0,0,0,0
bootstrap_enemy_visible_000980.jpg,1,0,0,0,0,0
bootstrap_enemy_visible_000981.jpg,1,0,0,0,0,0
bootstrap_enemy_visible_000982.jpg,1,0,0,0,0,0
bootstrap_enemy_visible_000983.jpg,1,0,0,0,0,0
bootstrap_enemy_visible_000984.jpg,1,0,0,0,0,0
bootstrap_enemy_visible_000985.jpg,1,0,0,0,0,0
bootstrap_enemy_visible_000986.jpg,1,0,0,0,0,0
bootstrap_enemy_visible_000987.jpg,1,0,0,0,0,0
bootstrap_enemy_visible_000988.jpg,1,0,0,0,0,0
bootstrap_enemy_visible_000989.jpg,1,0,0,0,0,0
bootstrap_enemy_visible_000990.jpg,1,0,0,0,0,0
bootstrap_enemy_visible_000991.jpg,1,0,0,0,0,0
bootstrap_enemy_visible_000992.jpg,1,0,0,0,0,0
bootstrap_enemy_visible_000993.jpg,1,0,0,0,0,0
bootstrap_enemy_visible_000994.jpg,1,0,0,0,0,0
bootstrap_enemy_visible_000995.jpg,1,0,0,0,0,0
bootstrap_enemy_visible_000996.jpg,1,0,0,0,0,0
bootstrap_enemy_visible_000997.jpg,1,0,0,0,0,0
bootstrap_enemy_visible_000998.jpg,1,0,0,0,0,0
bootstrap_enemy_visible_000999.jpg,1,0,0,0,0,0
bootstrap_enemy_visible_001000.jpg,1,0,0,0,0,0
bootstrap_enemy_visible_001001.jpg,1,0,0,0,0,0
bootstrap_enemy_visible_001002.jpg,1,0,0,0,0,0
bootstrap_enemy_visible_001003.jpg,1,0,0,0,0,0
bootstrap_enemy_visible_001004.jpg,1,0,0,0,0,0
bootstrap_enemy_visible_001005.jpg,1,0,0,0,0,0
bootstrap_enemy_visible_001006.jpg,1,0,0,0,0,0
bootstrap_enemy_visible_001007.jpg,1,0,0,0,0,0
bootstrap_enemy_visible_001008.jpg,1,0,0,0,0,0
bootstrap_enemy_visible_001009.jpg,1,0,0,0,0,0
bootstrap_enemy_visible_001010.jpg,1,0,0,0,0,0
bootstrap_enemy_visible_001011.jpg,1,0,0,0,0,0
bootstrap_enemy_visible_001012.jpg,1,0,0,0,0,0
bootstrap_enemy_visible_001013.jpg,1,0,0,0,0,0
bootstrap_enemy_visible_001014.jpg,1,0,0,0,0,0
bootstrap_enemy_visible_001015.jpg,1,0,0,0,0,0
bootstrap_enemy_visible_001016.jpg,1,0,0,0,0,0
bootstrap_enemy_visible_001017.jpg,1,0,0,0,0,0
bootstrap_enemy_visible_001018.jpg,1,0,0,0,0,0
bootstrap_enemy_visible_001019.jpg,1,0,0,0,0,0
bootstrap_enemy_visible_001020.jpg,1,0,0,0,0,0
bootstrap_enemy_visible_001021.jpg,1,0,0,0,0,0
bootstrap_enemy_visible_001022.jpg,1,0,0,0,0,0
bootstrap_enemy_visible_001023.jpg,1,0,0,0,0,0
bootstrap_enemy_visible_001024.jpg,1,0,0,0,0,0
bootstrap_enemy_visible_001025.jpg,1,0,0,0,0,0
bootstrap_enemy_visible_001026.jpg,1,0,0,0,0,0
bootstrap_enemy_visible_001027.jpg,1,0,0,0,0,0
bootstrap_enemy_visible_001028.jpg,1,0,0,0,0,0
bootstrap_enemy_visible_001029.jpg,1,0,0,0,0,0
bootstrap_enemy_visible_001030.jpg,1,0,0,0,0,0
bootstrap_enemy_visible_001031.jpg,1,0,0,0,0,0
bootstrap_enemy_visible_001032.jpg,1,0,0,0,0,0
bootstrap_enemy_visible_001033.jpg,1,0,0,0,0,0
bootstrap_enemy_visible_001034.jpg,1,0,0,0,0,0
bootstrap_enemy_visible_001035.jpg,1,0,0,0,0,0
bootstrap_enemy_visible_001036.jpg,1,0,0,0,0,0
bootstrap_enemy_visible_001037.jpg,1,0,0,0,0,0
bootstrap_enemy_visible_001038.jpg,1,0,0,0,0,0
bootstrap_enemy_visible_001039.jpg,1,0,0,0,0,0
bootstrap_enemy_visible_001040.jpg,1,0,0,0,0,0
bootstrap_enemy_visible_001041.jpg,1,0,0,0,0,0
bootstrap_enemy_visible_001042.jpg,1,0,0,0,0,0
bootstrap_enemy_visible_001043.jpg,1,0,0,0,0,0
bootstrap_enemy_visible_001044.jpg,1,0,0,0,0,0
bootstrap_enemy_visible_001045.jpg,1,0,0,0,0,0
bootstrap_enemy_visible_001046.jpg,1,0,0,0,0,0
bootstrap_enemy_visible_001047.jpg,1,0,0,0,0,0
bootstrap_enemy_visible_001048.jpg,1,0,0,0,0,0
bootstrap_enemy_visible_001049.jpg,1,0,0,0,0,0
bootstrap_enemy_visible_001050.jpg,1,0,0,0,0,0
bootstrap_enemy_visible_001051.jpg,1,0,0,0,0,0
bootstrap_enemy_visible_001052.jpg,1,0,0,0,0,0
bootstrap_enemy_visible_001053.jpg,1,0,0,0,0,0
bootstrap_enemy_visible_001054.jpg,1,0,0,0,0,0
bootstrap_enemy_visible_001055.jpg,1,0,0,0,0,0
bootstrap_enemy_visible_001056.jpg,1,0,0,0,0,0
bootstrap_enemy_visible_001057.jpg,1,0,0,0,0,0
bootstrap_enemy_visible_001058.jpg,1,0,0,0,0,0
bootstrap_enemy_visible_001059.jpg,1,0,0,0,0,0
bootstrap_enemy_visible_001060.jpg,1,0,0,0,0,0
bootstrap_enemy_visible_001061.jpg,1,0,0,0,0,0
bootstrap_enemy_visible_001062.jpg,1,0,0,0,0,0
bootstrap_enemy_visible_001063.jpg,1,0,0,0,0,0
bootstrap_enemy_visible_001064.jpg,1,0,0,0,0,0
bootstrap_enemy_visible_001065.jpg,1,0,0,0,0,0
bootstrap_enemy_visible_001066.jpg,1,0,0,0,0,0
bootstrap_enemy_visible_001067.jpg,1,0,0,0,0,0
bootstrap_enemy_visible_001068.jpg,1,0,0,0,0,0
bootstrap_enemy_visible_001069.jpg,1,0,0,0,0,0
bootstrap_enemy_visible_001070.jpg,1,0,0,0,0,0
bootstrap_enemy_visible_001071.jpg,1,0,0,0,0,0
bootstrap_enemy_visible_001072.jpg,1,0,0,0,0,0
bootstrap_enemy_visible_001073.jpg,1,0,0,0,0,0
bootstrap_enemy_visible_001074.jpg,1,0,0,0,0,0
bootstrap_enemy_visible_001075.jpg,1,0,0,0,0,0
bootstrap_enemy_visible_001076.jpg,1,0,0,0,0,0
bootstrap_enemy_visible_001077.jpg,1,0,0,0,0,0
bootstrap_enemy_visible_001078.jpg,1,0,0,0,0,0
bootstrap_enemy_visible_001079.jpg,1,0,0,0,0,0
bootstrap_enemy_visible_001080.jpg,1,0,0,0,0,0
bootstrap_enemy_visible_001081.jpg,1,0,0,0,0,0
bootstrap_enemy_visible_001082.jpg,1,0,0,0,0,0
bootstrap_enemy_visible_001083.jpg,1,0,0,0,0,0
bootstrap_enemy_visible_001084.jpg,1,0,0,0,0,0
bootstrap_enemy_visible_001085.jpg,1,0,0,0,0,0
bootstrap_enemy_visible_001086.jpg,1,0,0,0,0,0
bootstrap_enemy_visible_001087.jpg,1,0,0,0,0,0
bootstrap_enemy_visible_001088.jpg,1,0,0,0,0,0
bootstrap_enemy_visible_001089.jpg,1,0,0,0,0,0
bootstrap_enemy_visible_001090.jpg,1,0,0,0,0,0
bootstrap_enemy_visible_001091.jpg,1,0,0,0,0,0
bootstrap_enemy_visible_001092.jpg,1,0,0,0,0,0
bootstrap_enemy_visible_001093.jpg,1,0,0,0,0,0
bootstrap_enemy_visible_001094.jpg,1,0,0,0,0,0
bootstrap_enemy_visible_001095.jpg,1,0,0,0,0,0
bootstrap_enemy_visible_001096.jpg,1,0,0,0,0,0
bootstrap_enemy_visible_001097.jpg,1,0,0,0,0,0
bootstrap_enemy_visible_001098.jpg,1,0,0,0,0,0
bootstrap_enemy_visible_001099.jpg,1,0,0,0,0,0
bootstrap_enemy_visible_001100.jpg,1,0,0,0,0,0
bootstrap_enemy_visible_001101.jpg,1,0,0,0,0,0
bootstrap_enemy_visible_001102.jpg,1,0,0,0,0,0
bootstrap_enemy_visible_001103.jpg,1,0,0,0,0,0
bootstrap_enemy_visible_001104.jpg,1,0,0,0,0,0
bootstrap_enemy_visible_001105.jpg,1,0,0,0,0,0
bootstrap_enemy_visible_001106.jpg,1,0,0,0,0,0
bootstrap_enemy_visible_001107.jpg,1,0,0,0,0,0
bootstrap_enemy_visible_001108.jpg,1,0,0,0,0,0
bootstrap_enemy_visible_001109.jpg,1,0,0,0,0,0
bootstrap_enemy_visible_001110.jpg,1,0,0,0,0,0
bootstrap_enemy_visible_001111.jpg,1,0,0,0,0,0
bootstrap_enemy_visible_001112.jpg,1,0,0,0,0,0
bootstrap_enemy_visible_001113.jpg,1,0,0,0,0,0
bootstrap_enemy_visible_001114.jpg,1,0,0,0,0,0
bootstrap_enemy_visible_001115.jpg,1,0,0,0,0,0
bootstrap_enemy_visible_001116.jpg,1,0,0,0,0,0
bootstrap_enemy_visible_001117.jpg,1,0,0,0,0,0
bootstrap_enemy_visible_001118.jpg,1,0,0,0,0,0
bootstrap_enemy_visible_001119.jpg,1,0,0,0,0,0
bootstrap_enemy_visible_001120.jpg,1,0,0,0,0,0
bootstrap_enemy_visible_001121.jpg,1,0,0,0,0,0
bootstrap_enemy_visible_001122.jpg,1,0,0,0,0,0
bootstrap_enemy_visible_001123.jpg,1,0,0,0,0,0
bootstrap_enemy_visible_001124.jpg,1,0,0,0,0,0
bootstrap_enemy_visible_001125.jpg,1,0,0,0,0,0
bootstrap_enemy_visible_001126.jpg,1,0,0,0,0,0
bootstrap_enemy_visible_001127.jpg,1,0,0,0,0,0
bootstrap_enemy_visible_001128.jpg,1,0,0,0,0,0
bootstrap_enemy_visible_001129.jpg,1,0,0,0,0,0
bootstrap_enemy_visible_001130.jpg,1,0,0,0,0,0
bootstrap_enemy_visible_001131.jpg,1,0,0,0,0,0
bootstrap_enemy_visible_001132.jpg,1,0,0,0,0,0
bootstrap_enemy_visible_001133.jpg,1,0,0,0,0,0
bootstrap_enemy_visible_001134.jpg,1,0,0,0,0,0
bootstrap_enemy_visible_001135.jpg,1,0,0,0,0,0
bootstrap_enemy_visible_001136.jpg,1,0,0,0,0,0
bootstrap_enemy_visible_001137.jpg,1,0,0,0,0,0
bootstrap_enemy_visible_001138.jpg,1,0,0,0,0,0
bootstrap_enemy_visible_001139.jpg,1,0,0,0,0,0
bootstrap_enemy_visible_001140.jpg,1,0,0,0,0,0
bootstrap_enemy_visible_001141.jpg,1,0,0,0,0,0
bootstrap_enemy_visible_001142.jpg,1,0,0,0,0,0
bootstrap_enemy_visible_001143.jpg,1,0,0,0,0,0
bootstrap_enemy_visible_001144.jpg,1,0,0,0,0,0
bootstrap_enemy_visible_001145.jpg,1,0,0,0,0,0
bootstrap_enemy_visible_001146.jpg,1,0,0,0,0,0
bootstrap_enemy_visible_001147.jpg,1,0,0,0,0,0
bootstrap_enemy_visible_001148.jpg,1,0,0,0,0,0
bootstrap_enemy_visible_001149.jpg,1,0,0,0,0,0
bootstrap_enemy_visible_001150.jpg,1,0,0,0,0,0
bootstrap_enemy_visible_001151.jpg,1,0,0,0,0,0
bootstrap_enemy_visible_001152.jpg,1,0,0,0,0,0
bootstrap_enemy_visible_001153.jpg,1,0,0,0,0,0
